model,customer.address,customer.createdAt,customer.id,customer.notes,customer.primaryContact,customer.primaryEmail,customer.primaryName,customer.primaryPhone,customer.secondaryEmail,customer.secondaryName,customer.secondaryPhone,customer.updatedAt,project.actualCost,project.archived,project.archivedAt,project.budget,project.createdAt,project.createdById,project.customerId,project.description,project.endDate,project.estimatedCost,project.id,project.notes,project.phase,project.pmEmail,project.pmPhone,project.priority,project.progress,project.projectManagerId,project.projectName,project.projectNumber,project.projectType,project.startDate,project.status,project.updatedAt,projectWorkflow.actualCompletionDate,projectWorkflow.alertMethods,projectWorkflow.createdAt,projectWorkflow.createdById,projectWorkflow.currentStepIndex,projectWorkflow.enableAlerts,projectWorkflow.escalationDelayDays,projectWorkflow.escalationEnabled,projectWorkflow.estimatedCompletionDate,projectWorkflow.id,projectWorkflow.lastModifiedById,projectWorkflow.overallProgress,projectWorkflow.projectId,projectWorkflow.status,projectWorkflow.teamAssignments,projectWorkflow.updatedAt,projectWorkflow.workflowEndDate,projectWorkflow.workflowStartDate,projectWorkflow.workflowType,projectWorkflowTracker.createdAt,projectWorkflowTracker.currentLineItemId,projectWorkflowTracker.currentPhaseId,projectWorkflowTracker.currentSectionId,projectWorkflowTracker.id,projectWorkflowTracker.lastCompletedItemId,projectWorkflowTracker.lineItemStartedAt,projectWorkflowTracker.phaseStartedAt,projectWorkflowTracker.projectId,projectWorkflowTracker.sectionStartedAt,projectWorkflowTracker.updatedAt,roleAssignment.assignedAt,roleAssignment.assignedById,roleAssignment.createdAt,roleAssignment.id,roleAssignment.isActive,roleAssignment.roleType,roleAssignment.updatedAt,roleAssignment.userId,user.address,user.avatar,user.bio,user.certifications,user.createdAt,user.department,user.email,user.emailVerificationExpires,user.emailVerificationToken,user.emergencyContact,user.experience,user.firstName,user.id,user.isActive,user.isVerified,user.language,user.lastLogin,user.lastLoginIP,user.lastName,user.lockUntil,user.loginAttempts,user.notificationPreferences,user.password,user.passwordChangedAt,user.passwordResetExpires,user.passwordResetToken,user.permissions,user.phone,user.position,user.role,user.skills,user.theme,user.timezone,user.twoFactorEnabled,user.twoFactorSecret,user.updatedAt,workflowPhase.createdAt,workflowPhase.description,workflowPhase.displayOrder,workflowPhase.id,workflowPhase.isActive,workflowPhase.phaseName,workflowPhase.phaseType,workflowPhase.updatedAt,workflowSection.createdAt,workflowSection.description,workflowSection.displayName,workflowSection.displayOrder,workflowSection.id,workflowSection.isActive,workflowSection.phaseId,workflowSection.sectionName,workflowSection.sectionNumber,workflowSection.updatedAt,workflowStep.actualEndDate,workflowStep.actualStartDate,workflowStep.alertDays,workflowStep.alertPriority,workflowStep.assignedToId,workflowStep.completedAt,workflowStep.completedById,workflowStep.completionNotes,workflowStep.createdAt,workflowStep.defaultResponsible,workflowStep.dependencies,workflowStep.description,workflowStep.estimatedDuration,workflowStep.id,workflowStep.isCompleted,workflowStep.notes,workflowStep.overdueIntervals,workflowStep.phase,workflowStep.scheduledEndDate,workflowStep.scheduledStartDate,workflowStep.stepId,workflowStep.stepName,workflowStep.stepOrder,workflowStep.updatedAt,workflowStep.workflowId
user,,,,,,,,,,,,,,,,,,,,,,,,,,,,,,,,,,,,,,,,,,,,,,,,,,,,,,,,,,,,,,,,,,,,,,,,,,,,,,,2025-08-06T21:54:31.008Z,,sarah.owner@kenstruction.com,,,,,Sarah,cme0ia6lp0000umy4of3xsgbi,true,false,en,,,Owner,,0,,hashedpassword,,,,[],,,ADMIN,[],LIGHT,UTC,false,,2025-08-06T21:54:31.021Z,,,,,,,,,,,,,,,,,,,,,,,,,,,,,,,,,,,,,,,,,,,
user,,,,,,,,,,,,,,,,,,,,,,,,,,,,,,,,,,,,,,,,,,,,,,,,,,,,,,,,,,,,,,,,,,,,,,,,,,,,,,,2025-08-06T21:54:31.010Z,,tom.anderson@kenstruction.com,,,,,Tom,cme0ia6od0001umy485xu1cc8,true,false,en,,,Anderson,,0,,hashedpassword,,,,[],,,FOREMAN,[],LIGHT,UTC,false,,2025-08-06T21:54:31.025Z,,,,,,,,,,,,,,,,,,,,,,,,,,,,,,,,,,,,,,,,,,,
user,,,,,,,,,,,,,,,,,,,,,,,,,,,,,,,,,,,,,,,,,,,,,,,,,,,,,,,,,,,,,,,,,,,,,,,,,,,,,,,2025-08-06T21:54:31.010Z,,maria.garcia@kenstruction.com,,,,,Maria,cme0ia6pl0002umy4oyorutla,true,false,en,,,Garcia,,0,,hashedpassword,,,,[],,,WORKER,[],LIGHT,UTC,false,,2025-08-06T21:54:31.025Z,,,,,,,,,,,,,,,,,,,,,,,,,,,,,,,,,,,,,,,,,,,
user,,,,,,,,,,,,,,,,,,,,,,,,,,,,,,,,,,,,,,,,,,,,,,,,,,,,,,,,,,,,,,,,,,,,,,,,,,,,,,,2025-08-06T21:54:31.010Z,,robert.smith@kenstruction.com,,,,,Robert,cme0ia6qq0003umy4xyg82y38,true,false,en,,,Smith,,0,,hashedpassword,,,,[],,,PROJECT_MANAGER,[],LIGHT,UTC,false,,2025-08-06T21:54:31.025Z,,,,,,,,,,,,,,,,,,,,,,,,,,,,,,,,,,,,,,,,,,,
user,,,,,,,,,,,,,,,,,,,,,,,,,,,,,,,,,,,,,,,,,,,,,,,,,,,,,,,,,,,,,,,,,,,,,,,,,,,,,,,2025-08-06T21:54:31.011Z,,emily.davis@kenstruction.com,,,,,Emily,cme0ia6rv0004umy4r4ulpv3c,true,false,en,,,Davis,,0,,hashedpassword,,,,[],,,MANAGER,[],LIGHT,UTC,false,,2025-08-06T21:54:31.025Z,,,,,,,,,,,,,,,,,,,,,,,,,,,,,,,,,,,,,,,,,,,
user,,,,,,,,,,,,,,,,,,,,,,,,,,,,,,,,,,,,,,,,,,,,,,,,,,,,,,,,,,,,,,,,,,,,,,,,,,,,,,,2025-08-06T21:54:31.012Z,,james.wilson@kenstruction.com,,,,,James,cme0ia6t00007umy4ebxxsgkr,true,false,en,,,Wilson,,0,,hashedpassword,,,,[],,,FOREMAN,[],LIGHT,UTC,false,,2025-08-06T21:54:31.025Z,,,,,,,,,,,,,,,,,,,,,,,,,,,,,,,,,,,,,,,,,,,
user,,,,,,,,,,,,,,,,,,,,,,,,,,,,,,,,,,,,,,,,,,,,,,,,,,,,,,,,,,,,,,,,,,,,,,,,,,,,,,,2025-08-06T21:54:31.009Z,,mike.rodriguez@kenstruction.com,,,,,Mike,cme0ia6ss0005umy4vxhsy3kx,true,false,en,,,Rodriguez,,0,,hashedpassword,,,,[],,,PROJECT_MANAGER,[],LIGHT,UTC,false,,2025-08-06T21:54:31.022Z,,,,,,,,,,,,,,,,,,,,,,,,,,,,,,,,,,,,,,,,,,,
user,,,,,,,,,,,,,,,,,,,,,,,,,,,,,,,,,,,,,,,,,,,,,,,,,,,,,,,,,,,,,,,,,,,,,,,,,,,,,,,2025-08-06T21:54:31.012Z,,patricia.brown@kenstruction.com,,,,,Patricia,cme0ia6ut000aumy4k8kik5y6,true,false,en,,,Brown,,0,,hashedpassword,,,,[],,,WORKER,[],LIGHT,UTC,false,,2025-08-06T21:54:31.025Z,,,,,,,,,,,,,,,,,,,,,,,,,,,,,,,,,,,,,,,,,,,
user,,,,,,,,,,,,,,,,,,,,,,,,,,,,,,,,,,,,,,,,,,,,,,,,,,,,,,,,,,,,,,,,,,,,,,,,,,,,,,,2025-08-06T21:54:31.009Z,,david.chen@kenstruction.com,,,,,David,cme0ia6t00006umy4950saarf,true,false,en,,,Chen,,0,,hashedpassword,,,,[],,,MANAGER,[],LIGHT,UTC,false,,2025-08-06T21:54:31.024Z,,,,,,,,,,,,,,,,,,,,,,,,,,,,,,,,,,,,,,,,,,,
user,,,,,,,,,,,,,,,,,,,,,,,,,,,,,,,,,,,,,,,,,,,,,,,,,,,,,,,,,,,,,,,,,,,,,,,,,,,,,,,2025-08-06T21:54:31.009Z,,lisa.johnson@kenstruction.com,,,,,Lisa,cme0ia6t30008umy4138rcwmo,true,false,en,,,Johnson,,0,,hashedpassword,,,,[],,,ADMIN,[],LIGHT,UTC,false,,2025-08-06T21:54:31.024Z,,,,,,,,,,,,,,,,,,,,,,,,,,,,,,,,,,,,,,,,,,,
user,,,,,,,,,,,,,,,,,,,,,,,,,,,,,,,,,,,,,,,,,,,,,,,,,,,,,,,,,,,,,,,,,,,,,,,,,,,,,,,2025-08-06T21:54:31.009Z,,jennifer.williams@kenstruction.com,,,,,Jennifer,cme0ia6t70009umy4732662j9,true,false,en,,,Williams,,0,,hashedpassword,,,,[],,,FOREMAN,[],LIGHT,UTC,false,,2025-08-06T21:54:31.023Z,,,,,,,,,,,,,,,,,,,,,,,,,,,,,,,,,,,,,,,,,,,
user,,,,,,,,,,,,,,,,,,,,,,,,,,,,,,,,,,,,,,,,,,,,,,,,,,,,,,,,,,,,,,,,,,,,,,,,,,,,,,,2025-08-06T21:54:31.012Z,,charles.jones@kenstruction.com,,,,,Charles,cme0ia6vp000bumy4emyhwvzu,true,false,en,,,Jones,,0,,hashedpassword,,,,[],,,PROJECT_MANAGER,[],LIGHT,UTC,false,,2025-08-06T21:54:31.025Z,,,,,,,,,,,,,,,,,,,,,,,,,,,,,,,,,,,,,,,,,,,
customer,"123 Main St, Anytown, USA",2025-08-07T14:51:39.902Z,cme1im8sf0000umt0e1825rk3,,PRIMARY,john.doe@example.com,John Doe,555-1234,,,,2025-08-07T14:51:39.902Z,,,,,,,,,,,,,,,,,,,,,,,,,,,,,,,,,,,,,,,,,,,,,,,,,,,,,,,,,,,,,,,,,,,,,,,,,,,,,,,,,,,,,,,,,,,,,,,,,,,,,,,,,,,,,,,,,,,,,,,,,,,,,,,,,,,,,,,,,,,,,
customer,"789 demo ave, sample city, USA",2025-08-07T22:42:01.700Z,cme1zf4v70001umecoj38f6pp,,PRIMARY,demo.customer.1754606521697@example.com,Demo Customer,555-0199,,,,2025-08-07T22:42:01.700Z,,,,,,,,,,,,,,,,,,,,,,,,,,,,,,,,,,,,,,,,,,,,,,,,,,,,,,,,,,,,,,,,,,,,,,,,,,,,,,,,,,,,,,,,,,,,,,,,,,,,,,,,,,,,,,,,,,,,,,,,,,,,,,,,,,,,,,,,,,,,,
customer,"789 demo ave, sample city, USA",2025-08-07T23:01:03.498Z,cme203lvu0001umbo10h7f40n,,PRIMARY,demo.customer.1754607663497@example.com,Demo Customer,555-0199,,,,2025-08-07T23:01:03.498Z,,,,,,,,,,,,,,,,,,,,,,,,,,,,,,,,,,,,,,,,,,,,,,,,,,,,,,,,,,,,,,,,,,,,,,,,,,,,,,,,,,,,,,,,,,,,,,,,,,,,,,,,,,,,,,,,,,,,,,,,,,,,,,,,,,,,,,,,,,,,,
customer,"789 demo ave, sample city, USA",2025-08-07T23:07:15.374Z,cme20bktp0001um70ljqsd4gx,,PRIMARY,demo.customer.1754608035369@example.com,Demo Customer,555-0199,,,,2025-08-07T23:07:15.374Z,,,,,,,,,,,,,,,,,,,,,,,,,,,,,,,,,,,,,,,,,,,,,,,,,,,,,,,,,,,,,,,,,,,,,,,,,,,,,,,,,,,,,,,,,,,,,,,,,,,,,,,,,,,,,,,,,,,,,,,,,,,,,,,,,,,,,,,,,,,,,
customer,"789 demo ave, sample city, USA",2025-08-07T23:59:03.673Z,cme22677c0001umjom5tsl66u,,PRIMARY,demo.customer.1754611143665@example.com,Demo Customer,555-0199,,,,2025-08-07T23:59:03.673Z,,,,,,,,,,,,,,,,,,,,,,,,,,,,,,,,,,,,,,,,,,,,,,,,,,,,,,,,,,,,,,,,,,,,,,,,,,,,,,,,,,,,,,,,,,,,,,,,,,,,,,,,,,,,,,,,,,,,,,,,,,,,,,,,,,,,,,,,,,,,,
project,,,,,,,,,,,,,,false,,"""25000""",2025-08-07T14:52:06.725Z,,cme1im8sf0000umt0e1825rk3,Complete roof replacement project for validation testing,2025-02-08T00:00:00.000Z,,cme1imthh0002umt03zk98eh7,,,,,MEDIUM,0,,Complete Roof Replacement - 123 Main St,10001,ROOF_REPLACEMENT,2025-01-08T00:00:00.000Z,PENDING,2025-08-07T14:52:06.725Z,,,,,,,,,,,,,,,,,,,,,,,,,,,,,,,,,,,,,,,,,,,,,,,,,,,,,,,,,,,,,,,,,,,,,,,,,,,,,,,,,,,,,,,,,,,,,,,,,,,,,,,,,,,,,,,,,,,,,
project,,,,,,,,,,,,,,false,,"""25000""",2025-08-07T14:52:40.555Z,,cme1im8sf0000umt0e1825rk3,Complete roof replacement project for validation testing,2025-02-08T00:00:00.000Z,,cme1injl70004umt0x19eota6,,,,,MEDIUM,100,,Complete Roof Replacement - 123 Main St,10002,ROOF_REPLACEMENT,2025-01-08T00:00:00.000Z,COMPLETED,2025-08-07T16:35:23.622Z,,,,,,,,,,,,,,,,,,,,,,,,,,,,,,,,,,,,,,,,,,,,,,,,,,,,,,,,,,,,,,,,,,,,,,,,,,,,,,,,,,,,,,,,,,,,,,,,,,,,,,,,,,,,,,,,,,,,,
project,,,,,,,,,,,,,,false,,"""18000""",2025-08-07T22:42:02.085Z,,cme1zf4v70001umecoj38f6pp,,2025-08-28T22:42:02.080Z,"""15000""",cme1zf55x0003umecgyn0xd5o,Seeded demo project,,,,MEDIUM,0,cme0ia6ss0005umy4vxhsy3kx,Demo Roof Replacement ‚Äì 789 Demo Ave,10003,ROOF_REPLACEMENT,2025-08-07T22:42:02.080Z,IN_PROGRESS,2025-08-07T22:42:02.085Z,,,,,,,,,,,,,,,,,,,,,,,,,,,,,,,,,,,,,,,,,,,,,,,,,,,,,,,,,,,,,,,,,,,,,,,,,,,,,,,,,,,,,,,,,,,,,,,,,,,,,,,,,,,,,,,,,,,,,
project,,,,,,,,,,,,,,false,,"""18000""",2025-08-07T23:01:03.878Z,,cme203lvu0001umbo10h7f40n,,2025-08-28T23:01:03.871Z,"""15000""",cme203m6d0003umbo5ybhkdjw,Seeded demo project,,,,MEDIUM,0,cme0ia6ss0005umy4vxhsy3kx,Demo Roof Replacement ‚Äì 789 Demo Ave,10004,ROOF_REPLACEMENT,2025-08-07T23:01:03.871Z,IN_PROGRESS,2025-08-07T23:01:03.878Z,,,,,,,,,,,,,,,,,,,,,,,,,,,,,,,,,,,,,,,,,,,,,,,,,,,,,,,,,,,,,,,,,,,,,,,,,,,,,,,,,,,,,,,,,,,,,,,,,,,,,,,,,,,,,,,,,,,,,
project,,,,,,,,,,,,,,false,,"""18000""",2025-08-07T23:07:15.756Z,,cme20bktp0001um70ljqsd4gx,,2025-08-28T23:07:15.751Z,"""15000""",cme20bl4b0003um70ouajhq6s,Seeded demo project,,,,MEDIUM,0,cme0ia6ss0005umy4vxhsy3kx,Demo Roof Replacement ‚Äì 789 Demo Ave,10005,ROOF_REPLACEMENT,2025-08-07T23:07:15.751Z,IN_PROGRESS,2025-08-07T23:07:15.756Z,,,,,,,,,,,,,,,,,,,,,,,,,,,,,,,,,,,,,,,,,,,,,,,,,,,,,,,,,,,,,,,,,,,,,,,,,,,,,,,,,,,,,,,,,,,,,,,,,,,,,,,,,,,,,,,,,,,,,
project,,,,,,,,,,,,,,false,,"""18000""",2025-08-07T23:59:04.067Z,,cme22677c0001umjom5tsl66u,,2025-08-28T23:59:04.047Z,"""15000""",cme2267ib0003umjom6h1beh5,Seeded demo project,,,,MEDIUM,0,cme0ia6ss0005umy4vxhsy3kx,Demo Roof Replacement ‚Äì 789 Demo Ave,10006,ROOF_REPLACEMENT,2025-08-07T23:59:04.047Z,IN_PROGRESS,2025-08-07T23:59:04.067Z,,,,,,,,,,,,,,,,,,,,,,,,,,,,,,,,,,,,,,,,,,,,,,,,,,,,,,,,,,,,,,,,,,,,,,,,,,,,,,,,,,,,,,,,,,,,,,,,,,,,,,,,,,,,,,,,,,,,,
projectWorkflow,,,,,,,,,,,,,,,,,,,,,,,,,,,,,,,,,,,,,2025-08-07T16:35:23.517Z,"[""IN_APP"",""EMAIL""]",2025-08-07T14:57:26.942Z,,2,true,3,true,,cme1itokd000aumt0qkampl22,,100,cme1injl70004umt0x19eota6,COMPLETED,,2025-08-07T16:35:23.518Z,,,ROOFING,,,,,,,,,,,,,,,,,,,,,,,,,,,,,,,,,,,,,,,,,,,,,,,,,,,,,,,,,,,,,,,,,,,,,,,,,,,,,,,,,,,,,,,,,,,,,,,,,,
projectWorkflow,,,,,,,,,,,,,,,,,,,,,,,,,,,,,,,,,,,,,,"[""IN_APP"",""EMAIL""]",2025-08-07T22:42:02.517Z,,0,true,3,true,,cme1zf5hw0005umec9g5yknpt,,0,cme1zf55x0003umecgyn0xd5o,NOT_STARTED,,2025-08-07T22:42:02.517Z,,,ROOFING,,,,,,,,,,,,,,,,,,,,,,,,,,,,,,,,,,,,,,,,,,,,,,,,,,,,,,,,,,,,,,,,,,,,,,,,,,,,,,,,,,,,,,,,,,,,,,,,,,
projectWorkflow,,,,,,,,,,,,,,,,,,,,,,,,,,,,,,,,,,,,,,"[""IN_APP"",""EMAIL""]",2025-08-07T23:01:04.314Z,,0,true,3,true,,cme203mii0005umbo7z8jt6xn,,0,cme203m6d0003umbo5ybhkdjw,NOT_STARTED,,2025-08-07T23:01:04.314Z,,,ROOFING,,,,,,,,,,,,,,,,,,,,,,,,,,,,,,,,,,,,,,,,,,,,,,,,,,,,,,,,,,,,,,,,,,,,,,,,,,,,,,,,,,,,,,,,,,,,,,,,,,
projectWorkflow,,,,,,,,,,,,,,,,,,,,,,,,,,,,,,,,,,,,,,"[""IN_APP"",""EMAIL""]",2025-08-07T23:07:16.181Z,,0,true,3,true,,cme20blg50005um70vikxen90,,0,cme20bl4b0003um70ouajhq6s,NOT_STARTED,,2025-08-07T23:07:16.181Z,,,ROOFING,,,,,,,,,,,,,,,,,,,,,,,,,,,,,,,,,,,,,,,,,,,,,,,,,,,,,,,,,,,,,,,,,,,,,,,,,,,,,,,,,,,,,,,,,,,,,,,,,,
projectWorkflow,,,,,,,,,,,,,,,,,,,,,,,,,,,,,,,,,,,,,,"[""IN_APP"",""EMAIL""]",2025-08-07T23:59:04.497Z,,0,true,3,true,,cme2267u80005umjo86qgp278,,0,cme2267ib0003umjom6h1beh5,NOT_STARTED,,2025-08-07T23:59:04.497Z,,,ROOFING,,,,,,,,,,,,,,,,,,,,,,,,,,,,,,,,,,,,,,,,,,,,,,,,,,,,,,,,,,,,,,,,,,,,,,,,,,,,,,,,,,,,,,,,,,,,,,,,,,
projectWorkflowTracker,,,,,,,,,,,,,,,,,,,,,,,,,,,,,,,,,,,,,,,,,,,,,,,,,,,,,,,,2025-08-07T14:56:24.964Z,cmdz32fvo0004umpciiwfauur,cmdz32fob0000umpc9m2kyph2,cmdz32fsr0002umpc92vzc2ny,cme1iscqs0006umt0ur9c5iya,,2025-08-07T14:56:24.962Z,2025-08-07T14:56:24.962Z,cme1injl70004umt0x19eota6,2025-08-07T14:56:24.962Z,2025-08-07T14:56:24.964Z,,,,,,,,,,,,,,,,,,,,,,,,,,,,,,,,,,,,,,,,,,,,,,,,,,,,,,,,,,,,,,,,,,,,,,,,,,,,,,,,,,,,,,,
workflowPhase,,,,,,,,,,,,,,,,,,,,,,,,,,,,,,,,,,,,,,,,,,,,,,,,,,,,,,,,,,,,,,,,,,,,,,,,,,,,,,,,,,,,,,,,,,,,,,,,,,,,,,,,,,,,,,,2025-08-05T22:00:49.115Z,,0,cmdz32fob0000umpc9m2kyph2,true,Lead,LEAD,2025-08-05T22:52:23.111Z,,,,,,,,,,,,,,,,,,,,,,,,,,,,,,,,,,,
workflowPhase,,,,,,,,,,,,,,,,,,,,,,,,,,,,,,,,,,,,,,,,,,,,,,,,,,,,,,,,,,,,,,,,,,,,,,,,,,,,,,,,,,,,,,,,,,,,,,,,,,,,,,,,,,,,,,,2025-08-05T22:00:50.781Z,,2,cmdz32gyl0011umpcfry7utim,true,Prospect,PROSPECT,2025-08-05T22:52:24.063Z,,,,,,,,,,,,,,,,,,,,,,,,,,,,,,,,,,,
workflowPhase,,,,,,,,,,,,,,,,,,,,,,,,,,,,,,,,,,,,,,,,,,,,,,,,,,,,,,,,,,,,,,,,,,,,,,,,,,,,,,,,,,,,,,,,,,,,,,,,,,,,,,,,,,,,,,,2025-08-05T22:00:52.973Z,,6,cmdz32ing0033umpc4ixpym7z,true,Approved,APPROVED,2025-08-05T22:52:25.905Z,,,,,,,,,,,,,,,,,,,,,,,,,,,,,,,,,,,
workflowPhase,,,,,,,,,,,,,,,,,,,,,,,,,,,,,,,,,,,,,,,,,,,,,,,,,,,,,,,,,,,,,,,,,,,,,,,,,,,,,,,,,,,,,,,,,,,,,,,,,,,,,,,,,,,,,,,2025-08-05T22:00:54.709Z,,8,cmdz32jzp004aumpcxxcspp8d,true,Execution,EXECUTION,2025-08-05T22:52:26.848Z,,,,,,,,,,,,,,,,,,,,,,,,,,,,,,,,,,,
workflowPhase,,,,,,,,,,,,,,,,,,,,,,,,,,,,,,,,,,,,,,,,,,,,,,,,,,,,,,,,,,,,,,,,,,,,,,,,,,,,,,,,,,,,,,,,,,,,,,,,,,,,,,,,,,,,,,,2025-08-05T22:01:03.408Z,,12,cmdz32qpc006eumpc31hcjco7,true,Completion,COMPLETION,2025-08-05T22:52:28.500Z,,,,,,,,,,,,,,,,,,,,,,,,,,,,,,,,,,,
workflowPhase,,,,,,,,,,,,,,,,,,,,,,,,,,,,,,,,,,,,,,,,,,,,,,,,,,,,,,,,,,,,,,,,,,,,,,,,,,,,,,,,,,,,,,,,,,,,,,,,,,,,,,,,,,,,,,,2025-08-07T18:05:54.789Z,Second supplement phase for additional work,10,cme1pk1r90000umz4tmheyw7g,true,2nd Supplement,SECOND_SUPPLEMENT,2025-08-07T18:05:54.789Z,,,,,,,,,,,,,,,,,,,,,,,,,,,,,,,,,,,
workflowSection,,,,,,,,,,,,,,,,,,,,,,,,,,,,,,,,,,,,,,,,,,,,,,,,,,,,,,,,,,,,,,,,,,,,,,,,,,,,,,,,,,,,,,,,,,,,,,,,,,,,,,,,,,,,,,,,,,,,,,,2025-08-05T22:00:49.275Z,,Input Customer Information ‚Äì Office üë©üèº‚Äçüíª,0,cmdz32fsr0002umpc92vzc2ny,true,cmdz32fob0000umpc9m2kyph2,Input Customer Information,1,2025-08-05T22:52:23.209Z,,,,,,,,,,,,,,,,,,,,,,,,,
workflowSection,,,,,,,,,,,,,,,,,,,,,,,,,,,,,,,,,,,,,,,,,,,,,,,,,,,,,,,,,,,,,,,,,,,,,,,,,,,,,,,,,,,,,,,,,,,,,,,,,,,,,,,,,,,,,,,,,,,,,,,2025-08-05T22:00:49.585Z,,Complete Questions to Ask Checklist ‚Äì Office üë©üèº‚Äçüíª,2,cmdz32g1d0008umpcix3ss3wk,true,cmdz32fob0000umpc9m2kyph2,Complete Questions to Ask Checklist,2,2025-08-05T22:52:23.432Z,,,,,,,,,,,,,,,,,,,,,,,,,
workflowSection,,,,,,,,,,,,,,,,,,,,,,,,,,,,,,,,,,,,,,,,,,,,,,,,,,,,,,,,,,,,,,,,,,,,,,,,,,,,,,,,,,,,,,,,,,,,,,,,,,,,,,,,,,,,,,,,,,,,,,,2025-08-05T22:00:49.751Z,,Input Lead Property Information ‚Äì Office üë©üèº‚Äçüíª,4,cmdz32g5y000eumpc2dree1ur,true,cmdz32fob0000umpc9m2kyph2,Input Lead Property Information,3,2025-08-05T22:52:23.559Z,,,,,,,,,,,,,,,,,,,,,,,,,
workflowSection,,,,,,,,,,,,,,,,,,,,,,,,,,,,,,,,,,,,,,,,,,,,,,,,,,,,,,,,,,,,,,,,,,,,,,,,,,,,,,,,,,,,,,,,,,,,,,,,,,,,,,,,,,,,,,,,,,,,,,,2025-08-05T22:00:50.073Z,,Assign A Project Manager ‚Äì Office üë©üèº‚Äçüíª,6,cmdz32gex000qumpcg9j1lg9o,true,cmdz32fob0000umpc9m2kyph2,Assign A Project Manager,4,2025-08-05T22:52:23.811Z,,,,,,,,,,,,,,,,,,,,,,,,,
workflowSection,,,,,,,,,,,,,,,,,,,,,,,,,,,,,,,,,,,,,,,,,,,,,,,,,,,,,,,,,,,,,,,,,,,,,,,,,,,,,,,,,,,,,,,,,,,,,,,,,,,,,,,,,,,,,,,,,,,,,,,2025-08-05T22:00:50.231Z,,Schedule Initial Inspection ‚Äì Office üë©üèº‚Äçüíª,8,cmdz32gjb000wumpc55b51d1u,true,cmdz32fob0000umpc9m2kyph2,Schedule Initial Inspection,5,2025-08-05T22:52:23.935Z,,,,,,,,,,,,,,,,,,,,,,,,,
workflowSection,,,,,,,,,,,,,,,,,,,,,,,,,,,,,,,,,,,,,,,,,,,,,,,,,,,,,,,,,,,,,,,,,,,,,,,,,,,,,,,,,,,,,,,,,,,,,,,,,,,,,,,,,,,,,,,,,,,,,,,2025-08-05T22:00:51.212Z,,Site Inspection ‚Äì Project Manager üë∑üèº,0,cmdz32hak0013umpc8irn74qw,true,cmdz32gyl0011umpcfry7utim,Site Inspection,1,2025-08-05T22:52:24.102Z,,,,,,,,,,,,,,,,,,,,,,,,,
workflowSection,,,,,,,,,,,,,,,,,,,,,,,,,,,,,,,,,,,,,,,,,,,,,,,,,,,,,,,,,,,,,,,,,,,,,,,,,,,,,,,,,,,,,,,,,,,,,,,,,,,,,,,,,,,,,,,,,,,,,,,2025-08-05T22:00:51.468Z,,Write Estimate ‚Äì Project Manager üë∑üèº,2,cmdz32hho001fumpc2r67ae1v,true,cmdz32gyl0011umpcfry7utim,Write Estimate,2,2025-08-05T22:52:24.364Z,,,,,,,,,,,,,,,,,,,,,,,,,
workflowSection,,,,,,,,,,,,,,,,,,,,,,,,,,,,,,,,,,,,,,,,,,,,,,,,,,,,,,,,,,,,,,,,,,,,,,,,,,,,,,,,,,,,,,,,,,,,,,,,,,,,,,,,,,,,,,,,,,,,,,,2025-08-05T22:00:51.721Z,,Insurance Process ‚Äì Administration üìù,4,cmdz32hoo001pumpchm69jemr,true,cmdz32gyl0011umpcfry7utim,Insurance Process,3,2025-08-05T22:52:24.569Z,,,,,,,,,,,,,,,,,,,,,,,,,
workflowSection,,,,,,,,,,,,,,,,,,,,,,,,,,,,,,,,,,,,,,,,,,,,,,,,,,,,,,,,,,,,,,,,,,,,,,,,,,,,,,,,,,,,,,,,,,,,,,,,,,,,,,,,,,,,,,,,,,,,,,,2025-08-05T22:00:51.946Z,,Agreement Preparation ‚Äì Administration üìù,6,cmdz32huy001xumpcxor67mh2,true,cmdz32gyl0011umpcfry7utim,Agreement Preparation,4,2025-08-05T22:52:24.733Z,,,,,,,,,,,,,,,,,,,,,,,,,
workflowSection,,,,,,,,,,,,,,,,,,,,,,,,,,,,,,,,,,,,,,,,,,,,,,,,,,,,,,,,,,,,,,,,,,,,,,,,,,,,,,,,,,,,,,,,,,,,,,,,,,,,,,,,,,,,,,,,,,,,,,,2025-08-05T22:00:52.197Z,,Agreement Signing ‚Äì Administration üìù,8,cmdz32i1x0029umpcv26cl6yv,true,cmdz32gyl0011umpcfry7utim,Agreement Signing,5,2025-08-05T22:52:24.980Z,,,,,,,,,,,,,,,,,,,,,,,,,
workflowSection,,,,,,,,,,,,,,,,,,,,,,,,,,,,,,,,,,,,,,,,,,,,,,,,,,,,,,,,,,,,,,,,,,,,,,,,,,,,,,,,,,,,,,,,,,,,,,,,,,,,,,,,,,,,,,,,,,,,,,,2025-08-05T22:00:53.013Z,,Administrative Setup ‚Äì Administration üìù,0,cmdz32iol0035umpcyqopejhj,true,cmdz32ing0033umpc4ixpym7z,Administrative Setup,1,2025-08-05T22:52:25.944Z,,,,,,,,,,,,,,,,,,,,,,,,,
workflowSection,,,,,,,,,,,,,,,,,,,,,,,,,,,,,,,,,,,,,,,,,,,,,,,,,,,,,,,,,,,,,,,,,,,,,,,,,,,,,,,,,,,,,,,,,,,,,,,,,,,,,,,,,,,,,,,,,,,,,,,2025-08-05T22:00:53.230Z,,Pre Job Actions ‚Äì Office üë©üèº‚Äçüíª,2,cmdz32iul003fumpc8xzulxi7,true,cmdz32ing0033umpc4ixpym7z,Pre Job Actions,2,2025-08-05T22:52:26.153Z,,,,,,,,,,,,,,,,,,,,,,,,,
workflowSection,,,,,,,,,,,,,,,,,,,,,,,,,,,,,,,,,,,,,,,,,,,,,,,,,,,,,,,,,,,,,,,,,,,,,,,,,,,,,,,,,,,,,,,,,,,,,,,,,,,,,,,,,,,,,,,,,,,,,,,2025-08-05T22:00:53.313Z,,Prepare for Production ‚Äì Administration üìù,4,cmdz32iww003jumpcasign2v2,true,cmdz32ing0033umpc4ixpym7z,Prepare for Production,3,2025-08-05T22:52:26.235Z,,,,,,,,,,,,,,,,,,,,,,,,,
workflowSection,,,,,,,,,,,,,,,,,,,,,,,,,,,,,,,,,,,,,,,,,,,,,,,,,,,,,,,,,,,,,,,,,,,,,,,,,,,,,,,,,,,,,,,,,,,,,,,,,,,,,,,,,,,,,,,,,,,,,,,2025-08-05T22:00:53.396Z,,Verify Labor Order in Scheduler ‚Äì Administration üìù,6,cmdz32iz8003numpcbu6b1e6w,true,cmdz32ing0033umpc4ixpym7z,Verify Labor Order in Scheduler,4,2025-08-05T22:52:26.343Z,,,,,,,,,,,,,,,,,,,,,,,,,
workflowSection,,,,,,,,,,,,,,,,,,,,,,,,,,,,,,,,,,,,,,,,,,,,,,,,,,,,,,,,,,,,,,,,,,,,,,,,,,,,,,,,,,,,,,,,,,,,,,,,,,,,,,,,,,,,,,,,,,,,,,,2025-08-05T22:00:53.566Z,,Verify Material Orders ‚Äì Administration üìù,8,cmdz32j3x003vumpcb69d3gsi,true,cmdz32ing0033umpc4ixpym7z,Verify Material Orders,5,2025-08-05T22:52:26.513Z,,,,,,,,,,,,,,,,,,,,,,,,,
workflowSection,,,,,,,,,,,,,,,,,,,,,,,,,,,,,,,,,,,,,,,,,,,,,,,,,,,,,,,,,,,,,,,,,,,,,,,,,,,,,,,,,,,,,,,,,,,,,,,,,,,,,,,,,,,,,,,,,,,,,,,2025-08-05T22:00:54.532Z,,Subcontractor Work ‚Äì Administration üìù,10,cmdz32jur0043umpcxtvj1mdx,true,cmdz32ing0033umpc4ixpym7z,Subcontractor Work,6,2025-08-05T22:52:26.680Z,,,,,,,,,,,,,,,,,,,,,,,,,
workflowSection,,,,,,,,,,,,,,,,,,,,,,,,,,,,,,,,,,,,,,,,,,,,,,,,,,,,,,,,,,,,,,,,,,,,,,,,,,,,,,,,,,,,,,,,,,,,,,,,,,,,,,,,,,,,,,,,,,,,,,,2025-08-05T22:00:56.060Z,,Installation ‚Äì Field Director üõ†Ô∏è,0,cmdz32l17004cumpcu4t3avnw,true,cmdz32jzp004aumpcxxcspp8d,Installation,1,2025-08-05T22:52:26.890Z,,,,,,,,,,,,,,,,,,,,,,,,,
workflowSection,,,,,,,,,,,,,,,,,,,,,,,,,,,,,,,,,,,,,,,,,,,,,,,,,,,,,,,,,,,,,,,,,,,,,,,,,,,,,,,,,,,,,,,,,,,,,,,,,,,,,,,,,,,,,,,,,,,,,,,2025-08-05T22:00:56.236Z,,Daily Job Progress Note ‚Äì Field Director üõ†Ô∏è,2,cmdz32l63004kumpcmas3up8y,true,cmdz32jzp004aumpcxxcspp8d,Daily Job Progress Note,2,2025-08-05T22:52:27.054Z,,,,,,,,,,,,,,,,,,,,,,,,,
workflowSection,,,,,,,,,,,,,,,,,,,,,,,,,,,,,,,,,,,,,,,,,,,,,,,,,,,,,,,,,,,,,,,,,,,,,,,,,,,,,,,,,,,,,,,,,,,,,,,,,,,,,,,,,,,,,,,,,,,,,,,2025-08-05T22:01:02.056Z,,Quality Check ‚Äì Roof Supervisor üõ†Ô∏è,4,cmdz32pnr004sumpc58jz2xn7,true,cmdz32jzp004aumpcxxcspp8d,Quality Check,3,2025-08-05T22:52:27.231Z,,,,,,,,,,,,,,,,,,,,,,,,,
workflowSection,,,,,,,,,,,,,,,,,,,,,,,,,,,,,,,,,,,,,,,,,,,,,,,,,,,,,,,,,,,,,,,,,,,,,,,,,,,,,,,,,,,,,,,,,,,,,,,,,,,,,,,,,,,,,,,,,,,,,,,2025-08-05T22:01:02.276Z,,Multiple Trades ‚Äì Administration üìù,6,cmdz32ptv0052umpcixszk70a,true,cmdz32jzp004aumpcxxcspp8d,Multiple Trades,4,2025-08-05T22:52:27.449Z,,,,,,,,,,,,,,,,,,,,,,,,,
workflowSection,,,,,,,,,,,,,,,,,,,,,,,,,,,,,,,,,,,,,,,,,,,,,,,,,,,,,,,,,,,,,,,,,,,,,,,,,,,,,,,,,,,,,,,,,,,,,,,,,,,,,,,,,,,,,,,,,,,,,,,2025-08-05T22:01:02.412Z,,Subcontractor Work ‚Äì Administration üìù,8,cmdz32pxo0058umpcf3h3938u,true,cmdz32jzp004aumpcxxcspp8d,Subcontractor Work,5,2025-08-05T22:52:27.578Z,,,,,,,,,,,,,,,,,,,,,,,,,
workflowSection,,,,,,,,,,,,,,,,,,,,,,,,,,,,,,,,,,,,,,,,,,,,,,,,,,,,,,,,,,,,,,,,,,,,,,,,,,,,,,,,,,,,,,,,,,,,,,,,,,,,,,,,,,,,,,,,,,,,,,,2025-08-05T22:01:02.570Z,,Update Customer ‚Äì Administration üìù,10,cmdz32q21005eumpcav5j2jju,true,cmdz32jzp004aumpcxxcspp8d,Update Customer,6,2025-08-05T22:52:27.701Z,,,,,,,,,,,,,,,,,,,,,,,,,
workflowSection,,,,,,,,,,,,,,,,,,,,,,,,,,,,,,,,,,,,,,,,,,,,,,,,,,,,,,,,,,,,,,,,,,,,,,,,,,,,,,,,,,,,,,,,,,,,,,,,,,,,,,,,,,,,,,,,,,,,,,,2025-08-05T22:01:03.448Z,,Financial Processing ‚Äì Administration üìù,0,cmdz32qqf006gumpcs23tteuh,true,cmdz32qpc006eumpc31hcjco7,Financial Processing,1,2025-08-05T22:52:28.539Z,,,,,,,,,,,,,,,,,,,,,,,,,
workflowSection,,,,,,,,,,,,,,,,,,,,,,,,,,,,,,,,,,,,,,,,,,,,,,,,,,,,,,,,,,,,,,,,,,,,,,,,,,,,,,,,,,,,,,,,,,,,,,,,,,,,,,,,,,,,,,,,,,,,,,,2025-08-05T22:01:03.614Z,,Project Closeout ‚Äì Office üë©üèº‚Äçüíª,2,cmdz32qv2006oumpcy2must52,true,cmdz32qpc006eumpc31hcjco7,Project Closeout,2,2025-08-05T22:52:28.707Z,,,,,,,,,,,,,,,,,,,,,,,,,
workflowStep,,,,,,,,,,,,,,,,,,,,,,,,,,,,,,,,,,,,,,,,,,,,,,,,,,,,,,,,,,,,,,,,,,,,,,,,,,,,,,,,,,,,,,,,,,,,,,,,,,,,,,,,,,,,,,,,,,,,,,,,,,,,,,,,,2025-08-07T16:35:08.774Z,,1,LOW,,2025-08-07T16:35:08.774Z,,,2025-08-07T16:34:59.967Z,OFFICE,[],Custom workflow step: test-step-validation,1,cme1mb4sf0001umio94ymwsd5,true,,"[1,3,7,14]",LEAD,2025-08-14T16:34:59.966Z,2025-08-07T16:34:59.966Z,test-step-validation,test-step-validation,1,2025-08-07T16:35:08.775Z,cme1itokd000aumt0qkampl22
workflowStep,,,,,,,,,,,,,,,,,,,,,,,,,,,,,,,,,,,,,,,,,,,,,,,,,,,,,,,,,,,,,,,,,,,,,,,,,,,,,,,,,,,,,,,,,,,,,,,,,,,,,,,,,,,,,,,,,,,,,,,,,,,,,,,,,2025-08-07T16:35:23.315Z,,1,LOW,,2025-08-07T16:35:23.315Z,,,2025-08-07T16:35:18.495Z,OFFICE,[],Custom workflow step: test-step-2,1,cme1mbj320003umiodegptj8t,true,,"[1,3,7,14]",LEAD,2025-08-14T16:35:18.493Z,2025-08-07T16:35:18.493Z,test-step-2,test-step-2,1,2025-08-07T16:35:23.316Z,cme1itokd000aumt0qkampl22
workflowStep,,,,,,,,,,,,,,,,,,,,,,,,,,,,,,,,,,,,,,,,,,,,,,,,,,,,,,,,,,,,,,,,,,,,,,,,,,,,,,,,,,,,,,,,,,,,,,,,,,,,,,,,,,,,,,,,,,,,,,,,,,,,,,,,,,,1,MEDIUM,,,,,2025-08-07T22:42:02.600Z,OFFICE,[],Input customer contact and property information,60,cme1zf5k80007umecatc9iwby,false,,"[1,3,7,14]",LEAD,,,LEAD-input-customer-info,Input Customer Information,1,2025-08-07T22:42:02.600Z,cme1zf5hw0005umec9g5yknpt
workflowStep,,,,,,,,,,,,,,,,,,,,,,,,,,,,,,,,,,,,,,,,,,,,,,,,,,,,,,,,,,,,,,,,,,,,,,,,,,,,,,,,,,,,,,,,,,,,,,,,,,,,,,,,,,,,,,,,,,,,,,,,,,,,,,,,,,,1,MEDIUM,,,,,2025-08-07T22:42:02.678Z,OFFICE,[],Complete initial customer questionnaire,60,cme1zf5mf0009umece7vtyyml,false,,"[1,3,7,14]",LEAD,,,LEAD-complete-questions,Complete Questions to Ask Checklist,2,2025-08-07T22:42:02.678Z,cme1zf5hw0005umec9g5yknpt
workflowStep,,,,,,,,,,,,,,,,,,,,,,,,,,,,,,,,,,,,,,,,,,,,,,,,,,,,,,,,,,,,,,,,,,,,,,,,,,,,,,,,,,,,,,,,,,,,,,,,,,,,,,,,,,,,,,,,,,,,,,,,,,,,,,,,,,,1,MEDIUM,,,,,2025-08-07T22:42:02.723Z,OFFICE,[],Add property photos and details,60,cme1zf5nn000bumechc588bsd,false,,"[1,3,7,14]",LEAD,,,LEAD-input-lead-property,Input Lead Property Information,3,2025-08-07T22:42:02.723Z,cme1zf5hw0005umec9g5yknpt
workflowStep,,,,,,,,,,,,,,,,,,,,,,,,,,,,,,,,,,,,,,,,,,,,,,,,,,,,,,,,,,,,,,,,,,,,,,,,,,,,,,,,,,,,,,,,,,,,,,,,,,,,,,,,,,,,,,,,,,,,,,,,,,,,,,,,,,,1,MEDIUM,,,,,2025-08-07T22:42:02.767Z,OFFICE,[],Assign and brief the project manager,60,cme1zf5ov000dumecczfr3c73,false,,"[1,3,7,14]",LEAD,,,LEAD-assign-pm,Assign A Project Manager,4,2025-08-07T22:42:02.767Z,cme1zf5hw0005umec9g5yknpt
workflowStep,,,,,,,,,,,,,,,,,,,,,,,,,,,,,,,,,,,,,,,,,,,,,,,,,,,,,,,,,,,,,,,,,,,,,,,,,,,,,,,,,,,,,,,,,,,,,,,,,,,,,,,,,,,,,,,,,,,,,,,,,,,,,,,,,,,1,MEDIUM,,,,,2025-08-07T22:42:02.806Z,OFFICE,[],Schedule site inspection with customer,60,cme1zf5py000fumecw2ndgply,false,,"[1,3,7,14]",LEAD,,,LEAD-schedule-inspection,Schedule Initial Inspection,5,2025-08-07T22:42:02.806Z,cme1zf5hw0005umec9g5yknpt
workflowStep,,,,,,,,,,,,,,,,,,,,,,,,,,,,,,,,,,,,,,,,,,,,,,,,,,,,,,,,,,,,,,,,,,,,,,,,,,,,,,,,,,,,,,,,,,,,,,,,,,,,,,,,,,,,,,,,,,,,,,,,,,,,,,,,,,,1,MEDIUM,,,,,2025-08-07T22:42:02.849Z,PROJECT_MANAGER,[],Conduct on-site inspection and documentation,60,cme1zf5r5000humecbekre6hj,false,,"[1,3,7,14]",PROSPECT,,,PROSPECT-site-inspection,Site Inspection,6,2025-08-07T22:42:02.849Z,cme1zf5hw0005umec9g5yknpt
workflowStep,,,,,,,,,,,,,,,,,,,,,,,,,,,,,,,,,,,,,,,,,,,,,,,,,,,,,,,,,,,,,,,,,,,,,,,,,,,,,,,,,,,,,,,,,,,,,,,,,,,,,,,,,,,,,,,,,,,,,,,,,,,,,,,,,,,1,MEDIUM,,,,,2025-08-07T22:42:02.888Z,PROJECT_MANAGER,[],Create project estimate,60,cme1zf5s8000jumec4fjkquqh,false,,"[1,3,7,14]",PROSPECT,,,PROSPECT-write-estimate,Write Estimate,7,2025-08-07T22:42:02.888Z,cme1zf5hw0005umec9g5yknpt
workflowStep,,,,,,,,,,,,,,,,,,,,,,,,,,,,,,,,,,,,,,,,,,,,,,,,,,,,,,,,,,,,,,,,,,,,,,,,,,,,,,,,,,,,,,,,,,,,,,,,,,,,,,,,,,,,,,,,,,,,,,,,,,,,,,,,,,,1,MEDIUM,,,,,2025-08-07T22:42:02.933Z,ADMINISTRATION,[],Process insurance claim and documentation,60,cme1zf5tg000lumec6nq2nrsk,false,,"[1,3,7,14]",PROSPECT,,,PROSPECT-insurance-process,Insurance Process,8,2025-08-07T22:42:02.933Z,cme1zf5hw0005umec9g5yknpt
workflowStep,,,,,,,,,,,,,,,,,,,,,,,,,,,,,,,,,,,,,,,,,,,,,,,,,,,,,,,,,,,,,,,,,,,,,,,,,,,,,,,,,,,,,,,,,,,,,,,,,,,,,,,,,,,,,,,,,,,,,,,,,,,,,,,,,,,1,MEDIUM,,,,,2025-08-07T22:42:02.970Z,ADMINISTRATION,[],Prepare contract and agreement documents,60,cme1zf5ui000numecwo4di6zm,false,,"[1,3,7,14]",PROSPECT,,,PROSPECT-agreement-prep,Agreement Preparation,9,2025-08-07T22:42:02.970Z,cme1zf5hw0005umec9g5yknpt
workflowStep,,,,,,,,,,,,,,,,,,,,,,,,,,,,,,,,,,,,,,,,,,,,,,,,,,,,,,,,,,,,,,,,,,,,,,,,,,,,,,,,,,,,,,,,,,,,,,,,,,,,,,,,,,,,,,,,,,,,,,,,,,,,,,,,,,,1,MEDIUM,,,,,2025-08-07T22:42:03.009Z,ADMINISTRATION,[],Get customer signatures on agreements,60,cme1zf5vl000pumeco2013dsu,false,,"[1,3,7,14]",PROSPECT,,,PROSPECT-agreement-signing,Agreement Signing,10,2025-08-07T22:42:03.009Z,cme1zf5hw0005umec9g5yknpt
workflowStep,,,,,,,,,,,,,,,,,,,,,,,,,,,,,,,,,,,,,,,,,,,,,,,,,,,,,,,,,,,,,,,,,,,,,,,,,,,,,,,,,,,,,,,,,,,,,,,,,,,,,,,,,,,,,,,,,,,,,,,,,,,,,,,,,,,1,MEDIUM,,,,,2025-08-07T22:42:03.050Z,ADMINISTRATION,[],Set up project administration,60,cme1zf5wq000rumec0x8997h0,false,,"[1,3,7,14]",APPROVED,,,APPROVED-admin-setup,Administrative Setup,11,2025-08-07T22:42:03.050Z,cme1zf5hw0005umec9g5yknpt
workflowStep,,,,,,,,,,,,,,,,,,,,,,,,,,,,,,,,,,,,,,,,,,,,,,,,,,,,,,,,,,,,,,,,,,,,,,,,,,,,,,,,,,,,,,,,,,,,,,,,,,,,,,,,,,,,,,,,,,,,,,,,,,,,,,,,,,,1,MEDIUM,,,,,2025-08-07T22:42:03.088Z,OFFICE,[],Complete pre-job requirements,60,cme1zf5xs000tumecovjc7jn2,false,,"[1,3,7,14]",APPROVED,,,APPROVED-pre-job,Pre-Job Actions,12,2025-08-07T22:42:03.088Z,cme1zf5hw0005umec9g5yknpt
workflowStep,,,,,,,,,,,,,,,,,,,,,,,,,,,,,,,,,,,,,,,,,,,,,,,,,,,,,,,,,,,,,,,,,,,,,,,,,,,,,,,,,,,,,,,,,,,,,,,,,,,,,,,,,,,,,,,,,,,,,,,,,,,,,,,,,,,1,MEDIUM,,,,,2025-08-07T22:42:03.128Z,ADMINISTRATION,[],Prepare materials and crew for production,60,cme1zf5yw000vumeclno3for0,false,,"[1,3,7,14]",APPROVED,,,APPROVED-prepare-production,Prepare for Production,13,2025-08-07T22:42:03.128Z,cme1zf5hw0005umec9g5yknpt
workflowStep,,,,,,,,,,,,,,,,,,,,,,,,,,,,,,,,,,,,,,,,,,,,,,,,,,,,,,,,,,,,,,,,,,,,,,,,,,,,,,,,,,,,,,,,,,,,,,,,,,,,,,,,,,,,,,,,,,,,,,,,,,,,,,,,,,,1,MEDIUM,,,,,2025-08-07T22:42:03.167Z,FIELD_DIRECTOR,[],Execute roofing installation,60,cme1zf5zz000xumeclunqxyt8,false,,"[1,3,7,14]",EXECUTION,,,EXECUTION-installation,Installation,14,2025-08-07T22:42:03.167Z,cme1zf5hw0005umec9g5yknpt
workflowStep,,,,,,,,,,,,,,,,,,,,,,,,,,,,,,,,,,,,,,,,,,,,,,,,,,,,,,,,,,,,,,,,,,,,,,,,,,,,,,,,,,,,,,,,,,,,,,,,,,,,,,,,,,,,,,,,,,,,,,,,,,,,,,,,,,,1,MEDIUM,,,,,2025-08-07T22:42:03.209Z,ROOF_SUPERVISOR,[],Perform quality inspection,60,cme1zf615000zumecij51bwer,false,,"[1,3,7,14]",EXECUTION,,,EXECUTION-quality-check,Quality Check,15,2025-08-07T22:42:03.209Z,cme1zf5hw0005umec9g5yknpt
workflowStep,,,,,,,,,,,,,,,,,,,,,,,,,,,,,,,,,,,,,,,,,,,,,,,,,,,,,,,,,,,,,,,,,,,,,,,,,,,,,,,,,,,,,,,,,,,,,,,,,,,,,,,,,,,,,,,,,,,,,,,,,,,,,,,,,,,1,MEDIUM,,,,,2025-08-07T22:42:03.249Z,ADMINISTRATION,[],Coordinate multiple trade work,60,cme1zf6280011umecrtxq0o6u,false,,"[1,3,7,14]",EXECUTION,,,EXECUTION-multiple-trades,Multiple Trades,16,2025-08-07T22:42:03.249Z,cme1zf5hw0005umec9g5yknpt
workflowStep,,,,,,,,,,,,,,,,,,,,,,,,,,,,,,,,,,,,,,,,,,,,,,,,,,,,,,,,,,,,,,,,,,,,,,,,,,,,,,,,,,,,,,,,,,,,,,,,,,,,,,,,,,,,,,,,,,,,,,,,,,,,,,,,,,,1,MEDIUM,,,,,2025-08-07T22:42:03.290Z,ADMINISTRATION,[],Manage subcontractor activities,60,cme1zf63d0013umec3hp5e33w,false,,"[1,3,7,14]",EXECUTION,,,EXECUTION-subcontractor-work,Subcontractor Work,17,2025-08-07T22:42:03.290Z,cme1zf5hw0005umec9g5yknpt
workflowStep,,,,,,,,,,,,,,,,,,,,,,,,,,,,,,,,,,,,,,,,,,,,,,,,,,,,,,,,,,,,,,,,,,,,,,,,,,,,,,,,,,,,,,,,,,,,,,,,,,,,,,,,,,,,,,,,,,,,,,,,,,,,,,,,,,,1,MEDIUM,,,,,2025-08-07T22:42:03.333Z,ADMINISTRATION,[],Provide customer updates,60,cme1zf64l0015umecqbyn8z5r,false,,"[1,3,7,14]",EXECUTION,,,EXECUTION-update-customer,Update Customer,18,2025-08-07T22:42:03.333Z,cme1zf5hw0005umec9g5yknpt
workflowStep,,,,,,,,,,,,,,,,,,,,,,,,,,,,,,,,,,,,,,,,,,,,,,,,,,,,,,,,,,,,,,,,,,,,,,,,,,,,,,,,,,,,,,,,,,,,,,,,,,,,,,,,,,,,,,,,,,,,,,,,,,,,,,,,,,,1,MEDIUM,,,,,2025-08-07T22:42:03.374Z,ADMINISTRATION,[],Create supplement in Xactimate,60,cme1zf65q0017umeckcb9jghl,false,,"[1,3,7,14]",SECOND_SUPPLEMENT,,,SUPPLEMENT-create-supp,Create Supp in Xactimate,19,2025-08-07T22:42:03.374Z,cme1zf5hw0005umec9g5yknpt
workflowStep,,,,,,,,,,,,,,,,,,,,,,,,,,,,,,,,,,,,,,,,,,,,,,,,,,,,,,,,,,,,,,,,,,,,,,,,,,,,,,,,,,,,,,,,,,,,,,,,,,,,,,,,,,,,,,,,,,,,,,,,,,,,,,,,,,,1,MEDIUM,,,,,2025-08-07T22:42:03.467Z,ADMINISTRATION,[],Make insurance follow-up calls,60,cme1zf68b0019umecibrewhkv,false,,"[1,3,7,14]",SECOND_SUPPLEMENT,,,SUPPLEMENT-followup-calls,Follow-Up Calls,20,2025-08-07T22:42:03.467Z,cme1zf5hw0005umec9g5yknpt
workflowStep,,,,,,,,,,,,,,,,,,,,,,,,,,,,,,,,,,,,,,,,,,,,,,,,,,,,,,,,,,,,,,,,,,,,,,,,,,,,,,,,,,,,,,,,,,,,,,,,,,,,,,,,,,,,,,,,,,,,,,,,,,,,,,,,,,,1,MEDIUM,,,,,2025-08-07T22:42:03.512Z,ADMINISTRATION,[],Review approved supplement,60,cme1zf69j001bumec8r85safd,false,,"[1,3,7,14]",SECOND_SUPPLEMENT,,,SUPPLEMENT-review-approved,Review Approved Supp,21,2025-08-07T22:42:03.512Z,cme1zf5hw0005umec9g5yknpt
workflowStep,,,,,,,,,,,,,,,,,,,,,,,,,,,,,,,,,,,,,,,,,,,,,,,,,,,,,,,,,,,,,,,,,,,,,,,,,,,,,,,,,,,,,,,,,,,,,,,,,,,,,,,,,,,,,,,,,,,,,,,,,,,,,,,,,,,1,MEDIUM,,,,,2025-08-07T22:42:03.553Z,ADMINISTRATION,[],Update customer on supplement status,60,cme1zf6ao001dumec8jygarr2,false,,"[1,3,7,14]",SECOND_SUPPLEMENT,,,SUPPLEMENT-customer-update,Customer Update,22,2025-08-07T22:42:03.553Z,cme1zf5hw0005umec9g5yknpt
workflowStep,,,,,,,,,,,,,,,,,,,,,,,,,,,,,,,,,,,,,,,,,,,,,,,,,,,,,,,,,,,,,,,,,,,,,,,,,,,,,,,,,,,,,,,,,,,,,,,,,,,,,,,,,,,,,,,,,,,,,,,,,,,,,,,,,,,1,MEDIUM,,,,,2025-08-07T22:42:03.590Z,ADMINISTRATION,[],Process project financials,60,cme1zf6bq001fumec0t3ht4cn,false,,"[1,3,7,14]",COMPLETION,,,COMPLETION-financial-processing,Financial Processing,23,2025-08-07T22:42:03.590Z,cme1zf5hw0005umec9g5yknpt
workflowStep,,,,,,,,,,,,,,,,,,,,,,,,,,,,,,,,,,,,,,,,,,,,,,,,,,,,,,,,,,,,,,,,,,,,,,,,,,,,,,,,,,,,,,,,,,,,,,,,,,,,,,,,,,,,,,,,,,,,,,,,,,,,,,,,,,,1,MEDIUM,,,,,2025-08-07T22:42:03.634Z,OFFICE,[],Complete project closeout procedures,60,cme1zf6cx001humec07ntxfts,false,,"[1,3,7,14]",COMPLETION,,,COMPLETION-project-closeout,Project Closeout,24,2025-08-07T22:42:03.634Z,cme1zf5hw0005umec9g5yknpt
workflowStep,,,,,,,,,,,,,,,,,,,,,,,,,,,,,,,,,,,,,,,,,,,,,,,,,,,,,,,,,,,,,,,,,,,,,,,,,,,,,,,,,,,,,,,,,,,,,,,,,,,,,,,,,,,,,,,,,,,,,,,,,,,,,,,,,,,1,MEDIUM,,,,,2025-08-07T23:01:04.393Z,OFFICE,[],Input customer contact and property information,60,cme203mkp0007umboojms6br5,false,,"[1,3,7,14]",LEAD,,,LEAD-input-customer-info,Input Customer Information,1,2025-08-07T23:01:04.393Z,cme203mii0005umbo7z8jt6xn
workflowStep,,,,,,,,,,,,,,,,,,,,,,,,,,,,,,,,,,,,,,,,,,,,,,,,,,,,,,,,,,,,,,,,,,,,,,,,,,,,,,,,,,,,,,,,,,,,,,,,,,,,,,,,,,,,,,,,,,,,,,,,,,,,,,,,,,,1,MEDIUM,,,,,2025-08-07T23:01:04.477Z,OFFICE,[],Complete initial customer questionnaire,60,cme203mn00009umbo26812mjr,false,,"[1,3,7,14]",LEAD,,,LEAD-complete-questions,Complete Questions to Ask Checklist,2,2025-08-07T23:01:04.477Z,cme203mii0005umbo7z8jt6xn
workflowStep,,,,,,,,,,,,,,,,,,,,,,,,,,,,,,,,,,,,,,,,,,,,,,,,,,,,,,,,,,,,,,,,,,,,,,,,,,,,,,,,,,,,,,,,,,,,,,,,,,,,,,,,,,,,,,,,,,,,,,,,,,,,,,,,,,,1,MEDIUM,,,,,2025-08-07T23:01:04.514Z,OFFICE,[],Add property photos and details,60,cme203mo2000bumboyiop8pee,false,,"[1,3,7,14]",LEAD,,,LEAD-input-lead-property,Input Lead Property Information,3,2025-08-07T23:01:04.514Z,cme203mii0005umbo7z8jt6xn
workflowStep,,,,,,,,,,,,,,,,,,,,,,,,,,,,,,,,,,,,,,,,,,,,,,,,,,,,,,,,,,,,,,,,,,,,,,,,,,,,,,,,,,,,,,,,,,,,,,,,,,,,,,,,,,,,,,,,,,,,,,,,,,,,,,,,,,,1,MEDIUM,,,,,2025-08-07T23:01:04.553Z,OFFICE,[],Assign and brief the project manager,60,cme203mp5000dumbogtp8yf7c,false,,"[1,3,7,14]",LEAD,,,LEAD-assign-pm,Assign A Project Manager,4,2025-08-07T23:01:04.553Z,cme203mii0005umbo7z8jt6xn
workflowStep,,,,,,,,,,,,,,,,,,,,,,,,,,,,,,,,,,,,,,,,,,,,,,,,,,,,,,,,,,,,,,,,,,,,,,,,,,,,,,,,,,,,,,,,,,,,,,,,,,,,,,,,,,,,,,,,,,,,,,,,,,,,,,,,,,,1,MEDIUM,,,,,2025-08-07T23:01:04.593Z,OFFICE,[],Schedule site inspection with customer,60,cme203mq9000fumbo3hbn6sfy,false,,"[1,3,7,14]",LEAD,,,LEAD-schedule-inspection,Schedule Initial Inspection,5,2025-08-07T23:01:04.593Z,cme203mii0005umbo7z8jt6xn
workflowStep,,,,,,,,,,,,,,,,,,,,,,,,,,,,,,,,,,,,,,,,,,,,,,,,,,,,,,,,,,,,,,,,,,,,,,,,,,,,,,,,,,,,,,,,,,,,,,,,,,,,,,,,,,,,,,,,,,,,,,,,,,,,,,,,,,,1,MEDIUM,,,,,2025-08-07T23:01:04.631Z,PROJECT_MANAGER,[],Conduct on-site inspection and documentation,60,cme203mrb000humbo7ikg435t,false,,"[1,3,7,14]",PROSPECT,,,PROSPECT-site-inspection,Site Inspection,6,2025-08-07T23:01:04.631Z,cme203mii0005umbo7z8jt6xn
workflowStep,,,,,,,,,,,,,,,,,,,,,,,,,,,,,,,,,,,,,,,,,,,,,,,,,,,,,,,,,,,,,,,,,,,,,,,,,,,,,,,,,,,,,,,,,,,,,,,,,,,,,,,,,,,,,,,,,,,,,,,,,,,,,,,,,,,1,MEDIUM,,,,,2025-08-07T23:01:04.672Z,PROJECT_MANAGER,[],Create project estimate,60,cme203msg000jumbob24q00te,false,,"[1,3,7,14]",PROSPECT,,,PROSPECT-write-estimate,Write Estimate,7,2025-08-07T23:01:04.672Z,cme203mii0005umbo7z8jt6xn
workflowStep,,,,,,,,,,,,,,,,,,,,,,,,,,,,,,,,,,,,,,,,,,,,,,,,,,,,,,,,,,,,,,,,,,,,,,,,,,,,,,,,,,,,,,,,,,,,,,,,,,,,,,,,,,,,,,,,,,,,,,,,,,,,,,,,,,,1,MEDIUM,,,,,2025-08-07T23:01:04.710Z,ADMINISTRATION,[],Process insurance claim and documentation,60,cme203mti000lumbokoovdssa,false,,"[1,3,7,14]",PROSPECT,,,PROSPECT-insurance-process,Insurance Process,8,2025-08-07T23:01:04.710Z,cme203mii0005umbo7z8jt6xn
workflowStep,,,,,,,,,,,,,,,,,,,,,,,,,,,,,,,,,,,,,,,,,,,,,,,,,,,,,,,,,,,,,,,,,,,,,,,,,,,,,,,,,,,,,,,,,,,,,,,,,,,,,,,,,,,,,,,,,,,,,,,,,,,,,,,,,,,1,MEDIUM,,,,,2025-08-07T23:01:04.749Z,ADMINISTRATION,[],Prepare contract and agreement documents,60,cme203mul000numbonvptbls4,false,,"[1,3,7,14]",PROSPECT,,,PROSPECT-agreement-prep,Agreement Preparation,9,2025-08-07T23:01:04.749Z,cme203mii0005umbo7z8jt6xn
workflowStep,,,,,,,,,,,,,,,,,,,,,,,,,,,,,,,,,,,,,,,,,,,,,,,,,,,,,,,,,,,,,,,,,,,,,,,,,,,,,,,,,,,,,,,,,,,,,,,,,,,,,,,,,,,,,,,,,,,,,,,,,,,,,,,,,,,1,MEDIUM,,,,,2025-08-07T23:01:04.787Z,ADMINISTRATION,[],Get customer signatures on agreements,60,cme203mvn000pumbobnpir6iz,false,,"[1,3,7,14]",PROSPECT,,,PROSPECT-agreement-signing,Agreement Signing,10,2025-08-07T23:01:04.787Z,cme203mii0005umbo7z8jt6xn
workflowStep,,,,,,,,,,,,,,,,,,,,,,,,,,,,,,,,,,,,,,,,,,,,,,,,,,,,,,,,,,,,,,,,,,,,,,,,,,,,,,,,,,,,,,,,,,,,,,,,,,,,,,,,,,,,,,,,,,,,,,,,,,,,,,,,,,,1,MEDIUM,,,,,2025-08-07T23:01:04.825Z,ADMINISTRATION,[],Set up project administration,60,cme203mwp000rumbo4dqfvkz0,false,,"[1,3,7,14]",APPROVED,,,APPROVED-admin-setup,Administrative Setup,11,2025-08-07T23:01:04.825Z,cme203mii0005umbo7z8jt6xn
workflowStep,,,,,,,,,,,,,,,,,,,,,,,,,,,,,,,,,,,,,,,,,,,,,,,,,,,,,,,,,,,,,,,,,,,,,,,,,,,,,,,,,,,,,,,,,,,,,,,,,,,,,,,,,,,,,,,,,,,,,,,,,,,,,,,,,,,1,MEDIUM,,,,,2025-08-07T23:01:04.865Z,OFFICE,[],Complete pre-job requirements,60,cme203mxt000tumbo061z7ytt,false,,"[1,3,7,14]",APPROVED,,,APPROVED-pre-job,Pre-Job Actions,12,2025-08-07T23:01:04.865Z,cme203mii0005umbo7z8jt6xn
workflowStep,,,,,,,,,,,,,,,,,,,,,,,,,,,,,,,,,,,,,,,,,,,,,,,,,,,,,,,,,,,,,,,,,,,,,,,,,,,,,,,,,,,,,,,,,,,,,,,,,,,,,,,,,,,,,,,,,,,,,,,,,,,,,,,,,,,1,MEDIUM,,,,,2025-08-07T23:01:04.906Z,ADMINISTRATION,[],Prepare materials and crew for production,60,cme203myx000vumbo3cdly3op,false,,"[1,3,7,14]",APPROVED,,,APPROVED-prepare-production,Prepare for Production,13,2025-08-07T23:01:04.906Z,cme203mii0005umbo7z8jt6xn
workflowStep,,,,,,,,,,,,,,,,,,,,,,,,,,,,,,,,,,,,,,,,,,,,,,,,,,,,,,,,,,,,,,,,,,,,,,,,,,,,,,,,,,,,,,,,,,,,,,,,,,,,,,,,,,,,,,,,,,,,,,,,,,,,,,,,,,,1,MEDIUM,,,,,2025-08-07T23:01:04.943Z,FIELD_DIRECTOR,[],Execute roofing installation,60,cme203mzz000xumbotuuwwraz,false,,"[1,3,7,14]",EXECUTION,,,EXECUTION-installation,Installation,14,2025-08-07T23:01:04.943Z,cme203mii0005umbo7z8jt6xn
workflowStep,,,,,,,,,,,,,,,,,,,,,,,,,,,,,,,,,,,,,,,,,,,,,,,,,,,,,,,,,,,,,,,,,,,,,,,,,,,,,,,,,,,,,,,,,,,,,,,,,,,,,,,,,,,,,,,,,,,,,,,,,,,,,,,,,,,1,MEDIUM,,,,,2025-08-07T23:01:04.994Z,ROOF_SUPERVISOR,[],Perform quality inspection,60,cme203n1e000zumbo6e4ekgbd,false,,"[1,3,7,14]",EXECUTION,,,EXECUTION-quality-check,Quality Check,15,2025-08-07T23:01:04.994Z,cme203mii0005umbo7z8jt6xn
workflowStep,,,,,,,,,,,,,,,,,,,,,,,,,,,,,,,,,,,,,,,,,,,,,,,,,,,,,,,,,,,,,,,,,,,,,,,,,,,,,,,,,,,,,,,,,,,,,,,,,,,,,,,,,,,,,,,,,,,,,,,,,,,,,,,,,,,1,MEDIUM,,,,,2025-08-07T23:01:05.043Z,ADMINISTRATION,[],Coordinate multiple trade work,60,cme203n2r0011umbo92qpn9b6,false,,"[1,3,7,14]",EXECUTION,,,EXECUTION-multiple-trades,Multiple Trades,16,2025-08-07T23:01:05.043Z,cme203mii0005umbo7z8jt6xn
workflowStep,,,,,,,,,,,,,,,,,,,,,,,,,,,,,,,,,,,,,,,,,,,,,,,,,,,,,,,,,,,,,,,,,,,,,,,,,,,,,,,,,,,,,,,,,,,,,,,,,,,,,,,,,,,,,,,,,,,,,,,,,,,,,,,,,,,1,MEDIUM,,,,,2025-08-07T23:01:05.090Z,ADMINISTRATION,[],Manage subcontractor activities,60,cme203n410013umbo2gvp8d70,false,,"[1,3,7,14]",EXECUTION,,,EXECUTION-subcontractor-work,Subcontractor Work,17,2025-08-07T23:01:05.090Z,cme203mii0005umbo7z8jt6xn
workflowStep,,,,,,,,,,,,,,,,,,,,,,,,,,,,,,,,,,,,,,,,,,,,,,,,,,,,,,,,,,,,,,,,,,,,,,,,,,,,,,,,,,,,,,,,,,,,,,,,,,,,,,,,,,,,,,,,,,,,,,,,,,,,,,,,,,,1,MEDIUM,,,,,2025-08-07T23:01:05.128Z,ADMINISTRATION,[],Provide customer updates,60,cme203n530015umbop865bwa3,false,,"[1,3,7,14]",EXECUTION,,,EXECUTION-update-customer,Update Customer,18,2025-08-07T23:01:05.128Z,cme203mii0005umbo7z8jt6xn
workflowStep,,,,,,,,,,,,,,,,,,,,,,,,,,,,,,,,,,,,,,,,,,,,,,,,,,,,,,,,,,,,,,,,,,,,,,,,,,,,,,,,,,,,,,,,,,,,,,,,,,,,,,,,,,,,,,,,,,,,,,,,,,,,,,,,,,,1,MEDIUM,,,,,2025-08-07T23:01:05.165Z,ADMINISTRATION,[],Create supplement in Xactimate,60,cme203n640017umbo2aqz9tt0,false,,"[1,3,7,14]",SECOND_SUPPLEMENT,,,SUPPLEMENT-create-supp,Create Supp in Xactimate,19,2025-08-07T23:01:05.165Z,cme203mii0005umbo7z8jt6xn
workflowStep,,,,,,,,,,,,,,,,,,,,,,,,,,,,,,,,,,,,,,,,,,,,,,,,,,,,,,,,,,,,,,,,,,,,,,,,,,,,,,,,,,,,,,,,,,,,,,,,,,,,,,,,,,,,,,,,,,,,,,,,,,,,,,,,,,,1,MEDIUM,,,,,2025-08-07T23:01:05.204Z,ADMINISTRATION,[],Make insurance follow-up calls,60,cme203n780019umbomw9fm1lv,false,,"[1,3,7,14]",SECOND_SUPPLEMENT,,,SUPPLEMENT-followup-calls,Follow-Up Calls,20,2025-08-07T23:01:05.204Z,cme203mii0005umbo7z8jt6xn
workflowStep,,,,,,,,,,,,,,,,,,,,,,,,,,,,,,,,,,,,,,,,,,,,,,,,,,,,,,,,,,,,,,,,,,,,,,,,,,,,,,,,,,,,,,,,,,,,,,,,,,,,,,,,,,,,,,,,,,,,,,,,,,,,,,,,,,,1,MEDIUM,,,,,2025-08-07T23:01:05.242Z,ADMINISTRATION,[],Review approved supplement,60,cme203n8a001bumborha81x5m,false,,"[1,3,7,14]",SECOND_SUPPLEMENT,,,SUPPLEMENT-review-approved,Review Approved Supp,21,2025-08-07T23:01:05.242Z,cme203mii0005umbo7z8jt6xn
workflowStep,,,,,,,,,,,,,,,,,,,,,,,,,,,,,,,,,,,,,,,,,,,,,,,,,,,,,,,,,,,,,,,,,,,,,,,,,,,,,,,,,,,,,,,,,,,,,,,,,,,,,,,,,,,,,,,,,,,,,,,,,,,,,,,,,,,1,MEDIUM,,,,,2025-08-07T23:01:05.283Z,ADMINISTRATION,[],Update customer on supplement status,60,cme203n9f001dumboxribnmz1,false,,"[1,3,7,14]",SECOND_SUPPLEMENT,,,SUPPLEMENT-customer-update,Customer Update,22,2025-08-07T23:01:05.283Z,cme203mii0005umbo7z8jt6xn
workflowStep,,,,,,,,,,,,,,,,,,,,,,,,,,,,,,,,,,,,,,,,,,,,,,,,,,,,,,,,,,,,,,,,,,,,,,,,,,,,,,,,,,,,,,,,,,,,,,,,,,,,,,,,,,,,,,,,,,,,,,,,,,,,,,,,,,,1,MEDIUM,,,,,2025-08-07T23:01:05.324Z,ADMINISTRATION,[],Process project financials,60,cme203naj001fumbo2pzvxumk,false,,"[1,3,7,14]",COMPLETION,,,COMPLETION-financial-processing,Financial Processing,23,2025-08-07T23:01:05.324Z,cme203mii0005umbo7z8jt6xn
workflowStep,,,,,,,,,,,,,,,,,,,,,,,,,,,,,,,,,,,,,,,,,,,,,,,,,,,,,,,,,,,,,,,,,,,,,,,,,,,,,,,,,,,,,,,,,,,,,,,,,,,,,,,,,,,,,,,,,,,,,,,,,,,,,,,,,,,1,MEDIUM,,,,,2025-08-07T23:01:05.361Z,OFFICE,[],Complete project closeout procedures,60,cme203nbl001humbo5mj0caot,false,,"[1,3,7,14]",COMPLETION,,,COMPLETION-project-closeout,Project Closeout,24,2025-08-07T23:01:05.361Z,cme203mii0005umbo7z8jt6xn
workflowStep,,,,,,,,,,,,,,,,,,,,,,,,,,,,,,,,,,,,,,,,,,,,,,,,,,,,,,,,,,,,,,,,,,,,,,,,,,,,,,,,,,,,,,,,,,,,,,,,,,,,,,,,,,,,,,,,,,,,,,,,,,,,,,,,,,,1,MEDIUM,,,,,2025-08-07T23:07:16.258Z,OFFICE,[],Input customer contact and property information,60,cme20blia0007um70hy6xhz0f,false,,"[1,3,7,14]",LEAD,,,LEAD-input-customer-info,Input Customer Information,1,2025-08-07T23:07:16.258Z,cme20blg50005um70vikxen90
workflowStep,,,,,,,,,,,,,,,,,,,,,,,,,,,,,,,,,,,,,,,,,,,,,,,,,,,,,,,,,,,,,,,,,,,,,,,,,,,,,,,,,,,,,,,,,,,,,,,,,,,,,,,,,,,,,,,,,,,,,,,,,,,,,,,,,,,1,MEDIUM,,,,,2025-08-07T23:07:16.333Z,OFFICE,[],Complete initial customer questionnaire,60,cme20blkc0009um701vh1k5dz,false,,"[1,3,7,14]",LEAD,,,LEAD-complete-questions,Complete Questions to Ask Checklist,2,2025-08-07T23:07:16.333Z,cme20blg50005um70vikxen90
workflowStep,,,,,,,,,,,,,,,,,,,,,,,,,,,,,,,,,,,,,,,,,,,,,,,,,,,,,,,,,,,,,,,,,,,,,,,,,,,,,,,,,,,,,,,,,,,,,,,,,,,,,,,,,,,,,,,,,,,,,,,,,,,,,,,,,,,1,MEDIUM,,,,,2025-08-07T23:07:16.370Z,OFFICE,[],Add property photos and details,60,cme20blle000bum708yzoryrb,false,,"[1,3,7,14]",LEAD,,,LEAD-input-lead-property,Input Lead Property Information,3,2025-08-07T23:07:16.370Z,cme20blg50005um70vikxen90
workflowStep,,,,,,,,,,,,,,,,,,,,,,,,,,,,,,,,,,,,,,,,,,,,,,,,,,,,,,,,,,,,,,,,,,,,,,,,,,,,,,,,,,,,,,,,,,,,,,,,,,,,,,,,,,,,,,,,,,,,,,,,,,,,,,,,,,,1,MEDIUM,,,,,2025-08-07T23:07:16.408Z,OFFICE,[],Assign and brief the project manager,60,cme20blmg000dum70gn3eoerl,false,,"[1,3,7,14]",LEAD,,,LEAD-assign-pm,Assign A Project Manager,4,2025-08-07T23:07:16.408Z,cme20blg50005um70vikxen90
workflowStep,,,,,,,,,,,,,,,,,,,,,,,,,,,,,,,,,,,,,,,,,,,,,,,,,,,,,,,,,,,,,,,,,,,,,,,,,,,,,,,,,,,,,,,,,,,,,,,,,,,,,,,,,,,,,,,,,,,,,,,,,,,,,,,,,,,1,MEDIUM,,,,,2025-08-07T23:07:16.448Z,OFFICE,[],Schedule site inspection with customer,60,cme20blnk000fum70w3tg58r5,false,,"[1,3,7,14]",LEAD,,,LEAD-schedule-inspection,Schedule Initial Inspection,5,2025-08-07T23:07:16.448Z,cme20blg50005um70vikxen90
workflowStep,,,,,,,,,,,,,,,,,,,,,,,,,,,,,,,,,,,,,,,,,,,,,,,,,,,,,,,,,,,,,,,,,,,,,,,,,,,,,,,,,,,,,,,,,,,,,,,,,,,,,,,,,,,,,,,,,,,,,,,,,,,,,,,,,,,1,MEDIUM,,,,,2025-08-07T23:07:16.487Z,PROJECT_MANAGER,[],Conduct on-site inspection and documentation,60,cme20blon000hum70n28odlha,false,,"[1,3,7,14]",PROSPECT,,,PROSPECT-site-inspection,Site Inspection,6,2025-08-07T23:07:16.487Z,cme20blg50005um70vikxen90
workflowStep,,,,,,,,,,,,,,,,,,,,,,,,,,,,,,,,,,,,,,,,,,,,,,,,,,,,,,,,,,,,,,,,,,,,,,,,,,,,,,,,,,,,,,,,,,,,,,,,,,,,,,,,,,,,,,,,,,,,,,,,,,,,,,,,,,,1,MEDIUM,,,,,2025-08-07T23:07:16.524Z,PROJECT_MANAGER,[],Create project estimate,60,cme20blpo000jum70twvwynp8,false,,"[1,3,7,14]",PROSPECT,,,PROSPECT-write-estimate,Write Estimate,7,2025-08-07T23:07:16.524Z,cme20blg50005um70vikxen90
workflowStep,,,,,,,,,,,,,,,,,,,,,,,,,,,,,,,,,,,,,,,,,,,,,,,,,,,,,,,,,,,,,,,,,,,,,,,,,,,,,,,,,,,,,,,,,,,,,,,,,,,,,,,,,,,,,,,,,,,,,,,,,,,,,,,,,,,1,MEDIUM,,,,,2025-08-07T23:07:16.565Z,ADMINISTRATION,[],Process insurance claim and documentation,60,cme20blqt000lum7014uuh07k,false,,"[1,3,7,14]",PROSPECT,,,PROSPECT-insurance-process,Insurance Process,8,2025-08-07T23:07:16.565Z,cme20blg50005um70vikxen90
workflowStep,,,,,,,,,,,,,,,,,,,,,,,,,,,,,,,,,,,,,,,,,,,,,,,,,,,,,,,,,,,,,,,,,,,,,,,,,,,,,,,,,,,,,,,,,,,,,,,,,,,,,,,,,,,,,,,,,,,,,,,,,,,,,,,,,,,1,MEDIUM,,,,,2025-08-07T23:07:16.603Z,ADMINISTRATION,[],Prepare contract and agreement documents,60,cme20blrv000num70cus4j8oz,false,,"[1,3,7,14]",PROSPECT,,,PROSPECT-agreement-prep,Agreement Preparation,9,2025-08-07T23:07:16.603Z,cme20blg50005um70vikxen90
workflowStep,,,,,,,,,,,,,,,,,,,,,,,,,,,,,,,,,,,,,,,,,,,,,,,,,,,,,,,,,,,,,,,,,,,,,,,,,,,,,,,,,,,,,,,,,,,,,,,,,,,,,,,,,,,,,,,,,,,,,,,,,,,,,,,,,,,1,MEDIUM,,,,,2025-08-07T23:07:16.643Z,ADMINISTRATION,[],Get customer signatures on agreements,60,cme20blsz000pum7092n10myg,false,,"[1,3,7,14]",PROSPECT,,,PROSPECT-agreement-signing,Agreement Signing,10,2025-08-07T23:07:16.643Z,cme20blg50005um70vikxen90
workflowStep,,,,,,,,,,,,,,,,,,,,,,,,,,,,,,,,,,,,,,,,,,,,,,,,,,,,,,,,,,,,,,,,,,,,,,,,,,,,,,,,,,,,,,,,,,,,,,,,,,,,,,,,,,,,,,,,,,,,,,,,,,,,,,,,,,,1,MEDIUM,,,,,2025-08-07T23:07:16.684Z,ADMINISTRATION,[],Set up project administration,60,cme20blu3000rum70am9yohmz,false,,"[1,3,7,14]",APPROVED,,,APPROVED-admin-setup,Administrative Setup,11,2025-08-07T23:07:16.684Z,cme20blg50005um70vikxen90
workflowStep,,,,,,,,,,,,,,,,,,,,,,,,,,,,,,,,,,,,,,,,,,,,,,,,,,,,,,,,,,,,,,,,,,,,,,,,,,,,,,,,,,,,,,,,,,,,,,,,,,,,,,,,,,,,,,,,,,,,,,,,,,,,,,,,,,,1,MEDIUM,,,,,2025-08-07T23:07:16.728Z,OFFICE,[],Complete pre-job requirements,60,cme20blvb000tum704etq6kdk,false,,"[1,3,7,14]",APPROVED,,,APPROVED-pre-job,Pre-Job Actions,12,2025-08-07T23:07:16.728Z,cme20blg50005um70vikxen90
workflowStep,,,,,,,,,,,,,,,,,,,,,,,,,,,,,,,,,,,,,,,,,,,,,,,,,,,,,,,,,,,,,,,,,,,,,,,,,,,,,,,,,,,,,,,,,,,,,,,,,,,,,,,,,,,,,,,,,,,,,,,,,,,,,,,,,,,1,MEDIUM,,,,,2025-08-07T23:07:16.769Z,ADMINISTRATION,[],Prepare materials and crew for production,60,cme20blwg000vum70x3tao3kj,false,,"[1,3,7,14]",APPROVED,,,APPROVED-prepare-production,Prepare for Production,13,2025-08-07T23:07:16.769Z,cme20blg50005um70vikxen90
workflowStep,,,,,,,,,,,,,,,,,,,,,,,,,,,,,,,,,,,,,,,,,,,,,,,,,,,,,,,,,,,,,,,,,,,,,,,,,,,,,,,,,,,,,,,,,,,,,,,,,,,,,,,,,,,,,,,,,,,,,,,,,,,,,,,,,,,1,MEDIUM,,,,,2025-08-07T23:07:16.814Z,FIELD_DIRECTOR,[],Execute roofing installation,60,cme20blxq000xum70xfftacm3,false,,"[1,3,7,14]",EXECUTION,,,EXECUTION-installation,Installation,14,2025-08-07T23:07:16.814Z,cme20blg50005um70vikxen90
workflowStep,,,,,,,,,,,,,,,,,,,,,,,,,,,,,,,,,,,,,,,,,,,,,,,,,,,,,,,,,,,,,,,,,,,,,,,,,,,,,,,,,,,,,,,,,,,,,,,,,,,,,,,,,,,,,,,,,,,,,,,,,,,,,,,,,,,1,MEDIUM,,,,,2025-08-07T23:07:16.852Z,ROOF_SUPERVISOR,[],Perform quality inspection,60,cme20blyr000zum70o1o09jv5,false,,"[1,3,7,14]",EXECUTION,,,EXECUTION-quality-check,Quality Check,15,2025-08-07T23:07:16.852Z,cme20blg50005um70vikxen90
workflowStep,,,,,,,,,,,,,,,,,,,,,,,,,,,,,,,,,,,,,,,,,,,,,,,,,,,,,,,,,,,,,,,,,,,,,,,,,,,,,,,,,,,,,,,,,,,,,,,,,,,,,,,,,,,,,,,,,,,,,,,,,,,,,,,,,,,1,MEDIUM,,,,,2025-08-07T23:07:16.890Z,ADMINISTRATION,[],Coordinate multiple trade work,60,cme20blzu0011um70grbz8h02,false,,"[1,3,7,14]",EXECUTION,,,EXECUTION-multiple-trades,Multiple Trades,16,2025-08-07T23:07:16.890Z,cme20blg50005um70vikxen90
workflowStep,,,,,,,,,,,,,,,,,,,,,,,,,,,,,,,,,,,,,,,,,,,,,,,,,,,,,,,,,,,,,,,,,,,,,,,,,,,,,,,,,,,,,,,,,,,,,,,,,,,,,,,,,,,,,,,,,,,,,,,,,,,,,,,,,,,1,MEDIUM,,,,,2025-08-07T23:07:16.933Z,ADMINISTRATION,[],Manage subcontractor activities,60,cme20bm100013um70wqjj29c3,false,,"[1,3,7,14]",EXECUTION,,,EXECUTION-subcontractor-work,Subcontractor Work,17,2025-08-07T23:07:16.933Z,cme20blg50005um70vikxen90
workflowStep,,,,,,,,,,,,,,,,,,,,,,,,,,,,,,,,,,,,,,,,,,,,,,,,,,,,,,,,,,,,,,,,,,,,,,,,,,,,,,,,,,,,,,,,,,,,,,,,,,,,,,,,,,,,,,,,,,,,,,,,,,,,,,,,,,,1,MEDIUM,,,,,2025-08-07T23:07:16.975Z,ADMINISTRATION,[],Provide customer updates,60,cme20bm270015um703cnjxxk2,false,,"[1,3,7,14]",EXECUTION,,,EXECUTION-update-customer,Update Customer,18,2025-08-07T23:07:16.975Z,cme20blg50005um70vikxen90
workflowStep,,,,,,,,,,,,,,,,,,,,,,,,,,,,,,,,,,,,,,,,,,,,,,,,,,,,,,,,,,,,,,,,,,,,,,,,,,,,,,,,,,,,,,,,,,,,,,,,,,,,,,,,,,,,,,,,,,,,,,,,,,,,,,,,,,,1,MEDIUM,,,,,2025-08-07T23:07:17.018Z,ADMINISTRATION,[],Create supplement in Xactimate,60,cme20bm3e0017um70j5196ta7,false,,"[1,3,7,14]",SECOND_SUPPLEMENT,,,SUPPLEMENT-create-supp,Create Supp in Xactimate,19,2025-08-07T23:07:17.018Z,cme20blg50005um70vikxen90
workflowStep,,,,,,,,,,,,,,,,,,,,,,,,,,,,,,,,,,,,,,,,,,,,,,,,,,,,,,,,,,,,,,,,,,,,,,,,,,,,,,,,,,,,,,,,,,,,,,,,,,,,,,,,,,,,,,,,,,,,,,,,,,,,,,,,,,,1,MEDIUM,,,,,2025-08-07T23:07:17.058Z,ADMINISTRATION,[],Make insurance follow-up calls,60,cme20bm4i0019um70dgb7s9gf,false,,"[1,3,7,14]",SECOND_SUPPLEMENT,,,SUPPLEMENT-followup-calls,Follow-Up Calls,20,2025-08-07T23:07:17.058Z,cme20blg50005um70vikxen90
workflowStep,,,,,,,,,,,,,,,,,,,,,,,,,,,,,,,,,,,,,,,,,,,,,,,,,,,,,,,,,,,,,,,,,,,,,,,,,,,,,,,,,,,,,,,,,,,,,,,,,,,,,,,,,,,,,,,,,,,,,,,,,,,,,,,,,,,1,MEDIUM,,,,,2025-08-07T23:07:17.100Z,ADMINISTRATION,[],Review approved supplement,60,cme20bm5o001bum7059yv2xcq,false,,"[1,3,7,14]",SECOND_SUPPLEMENT,,,SUPPLEMENT-review-approved,Review Approved Supp,21,2025-08-07T23:07:17.100Z,cme20blg50005um70vikxen90
workflowStep,,,,,,,,,,,,,,,,,,,,,,,,,,,,,,,,,,,,,,,,,,,,,,,,,,,,,,,,,,,,,,,,,,,,,,,,,,,,,,,,,,,,,,,,,,,,,,,,,,,,,,,,,,,,,,,,,,,,,,,,,,,,,,,,,,,1,MEDIUM,,,,,2025-08-07T23:07:17.137Z,ADMINISTRATION,[],Update customer on supplement status,60,cme20bm6p001dum70dzjlrt4q,false,,"[1,3,7,14]",SECOND_SUPPLEMENT,,,SUPPLEMENT-customer-update,Customer Update,22,2025-08-07T23:07:17.137Z,cme20blg50005um70vikxen90
workflowStep,,,,,,,,,,,,,,,,,,,,,,,,,,,,,,,,,,,,,,,,,,,,,,,,,,,,,,,,,,,,,,,,,,,,,,,,,,,,,,,,,,,,,,,,,,,,,,,,,,,,,,,,,,,,,,,,,,,,,,,,,,,,,,,,,,,1,MEDIUM,,,,,2025-08-07T23:07:17.178Z,ADMINISTRATION,[],Process project financials,60,cme20bm7t001fum7054j01hof,false,,"[1,3,7,14]",COMPLETION,,,COMPLETION-financial-processing,Financial Processing,23,2025-08-07T23:07:17.178Z,cme20blg50005um70vikxen90
workflowStep,,,,,,,,,,,,,,,,,,,,,,,,,,,,,,,,,,,,,,,,,,,,,,,,,,,,,,,,,,,,,,,,,,,,,,,,,,,,,,,,,,,,,,,,,,,,,,,,,,,,,,,,,,,,,,,,,,,,,,,,,,,,,,,,,,,1,MEDIUM,,,,,2025-08-07T23:07:17.216Z,OFFICE,[],Complete project closeout procedures,60,cme20bm8w001hum70pd7pltkb,false,,"[1,3,7,14]",COMPLETION,,,COMPLETION-project-closeout,Project Closeout,24,2025-08-07T23:07:17.216Z,cme20blg50005um70vikxen90
workflowStep,,,,,,,,,,,,,,,,,,,,,,,,,,,,,,,,,,,,,,,,,,,,,,,,,,,,,,,,,,,,,,,,,,,,,,,,,,,,,,,,,,,,,,,,,,,,,,,,,,,,,,,,,,,,,,,,,,,,,,,,,,,,,,,,,,,1,MEDIUM,,,,,2025-08-07T23:59:04.575Z,OFFICE,[],Input customer contact and property information,60,cme2267wf0007umjolur69mbp,false,,"[1,3,7,14]",LEAD,,,LEAD-input-customer-info,Input Customer Information,1,2025-08-07T23:59:04.575Z,cme2267u80005umjo86qgp278
workflowStep,,,,,,,,,,,,,,,,,,,,,,,,,,,,,,,,,,,,,,,,,,,,,,,,,,,,,,,,,,,,,,,,,,,,,,,,,,,,,,,,,,,,,,,,,,,,,,,,,,,,,,,,,,,,,,,,,,,,,,,,,,,,,,,,,,,1,MEDIUM,,,,,2025-08-07T23:59:04.657Z,OFFICE,[],Complete initial customer questionnaire,60,cme2267yp0009umjozltfr4ek,false,,"[1,3,7,14]",LEAD,,,LEAD-complete-questions,Complete Questions to Ask Checklist,2,2025-08-07T23:59:04.657Z,cme2267u80005umjo86qgp278
workflowStep,,,,,,,,,,,,,,,,,,,,,,,,,,,,,,,,,,,,,,,,,,,,,,,,,,,,,,,,,,,,,,,,,,,,,,,,,,,,,,,,,,,,,,,,,,,,,,,,,,,,,,,,,,,,,,,,,,,,,,,,,,,,,,,,,,,1,MEDIUM,,,,,2025-08-07T23:59:04.695Z,OFFICE,[],Add property photos and details,60,cme2267zr000bumjo4hwm66ye,false,,"[1,3,7,14]",LEAD,,,LEAD-input-lead-property,Input Lead Property Information,3,2025-08-07T23:59:04.695Z,cme2267u80005umjo86qgp278
workflowStep,,,,,,,,,,,,,,,,,,,,,,,,,,,,,,,,,,,,,,,,,,,,,,,,,,,,,,,,,,,,,,,,,,,,,,,,,,,,,,,,,,,,,,,,,,,,,,,,,,,,,,,,,,,,,,,,,,,,,,,,,,,,,,,,,,,1,MEDIUM,,,,,2025-08-07T23:59:04.732Z,OFFICE,[],Assign and brief the project manager,60,cme22680s000dumjo1n8fd8vn,false,,"[1,3,7,14]",LEAD,,,LEAD-assign-pm,Assign A Project Manager,4,2025-08-07T23:59:04.732Z,cme2267u80005umjo86qgp278
workflowStep,,,,,,,,,,,,,,,,,,,,,,,,,,,,,,,,,,,,,,,,,,,,,,,,,,,,,,,,,,,,,,,,,,,,,,,,,,,,,,,,,,,,,,,,,,,,,,,,,,,,,,,,,,,,,,,,,,,,,,,,,,,,,,,,,,,1,MEDIUM,,,,,2025-08-07T23:59:04.771Z,OFFICE,[],Schedule site inspection with customer,60,cme22681v000fumjocyflopja,false,,"[1,3,7,14]",LEAD,,,LEAD-schedule-inspection,Schedule Initial Inspection,5,2025-08-07T23:59:04.771Z,cme2267u80005umjo86qgp278
workflowStep,,,,,,,,,,,,,,,,,,,,,,,,,,,,,,,,,,,,,,,,,,,,,,,,,,,,,,,,,,,,,,,,,,,,,,,,,,,,,,,,,,,,,,,,,,,,,,,,,,,,,,,,,,,,,,,,,,,,,,,,,,,,,,,,,,,1,MEDIUM,,,,,2025-08-07T23:59:04.809Z,PROJECT_MANAGER,[],Conduct on-site inspection and documentation,60,cme22682x000humjoyjyeboh3,false,,"[1,3,7,14]",PROSPECT,,,PROSPECT-site-inspection,Site Inspection,6,2025-08-07T23:59:04.809Z,cme2267u80005umjo86qgp278
workflowStep,,,,,,,,,,,,,,,,,,,,,,,,,,,,,,,,,,,,,,,,,,,,,,,,,,,,,,,,,,,,,,,,,,,,,,,,,,,,,,,,,,,,,,,,,,,,,,,,,,,,,,,,,,,,,,,,,,,,,,,,,,,,,,,,,,,1,MEDIUM,,,,,2025-08-07T23:59:04.848Z,PROJECT_MANAGER,[],Create project estimate,60,cme226840000jumjod8vam2uz,false,,"[1,3,7,14]",PROSPECT,,,PROSPECT-write-estimate,Write Estimate,7,2025-08-07T23:59:04.848Z,cme2267u80005umjo86qgp278
workflowStep,,,,,,,,,,,,,,,,,,,,,,,,,,,,,,,,,,,,,,,,,,,,,,,,,,,,,,,,,,,,,,,,,,,,,,,,,,,,,,,,,,,,,,,,,,,,,,,,,,,,,,,,,,,,,,,,,,,,,,,,,,,,,,,,,,,1,MEDIUM,,,,,2025-08-07T23:59:04.890Z,ADMINISTRATION,[],Process insurance claim and documentation,60,cme226856000lumjo3mezo55a,false,,"[1,3,7,14]",PROSPECT,,,PROSPECT-insurance-process,Insurance Process,8,2025-08-07T23:59:04.890Z,cme2267u80005umjo86qgp278
workflowStep,,,,,,,,,,,,,,,,,,,,,,,,,,,,,,,,,,,,,,,,,,,,,,,,,,,,,,,,,,,,,,,,,,,,,,,,,,,,,,,,,,,,,,,,,,,,,,,,,,,,,,,,,,,,,,,,,,,,,,,,,,,,,,,,,,,1,MEDIUM,,,,,2025-08-07T23:59:04.928Z,ADMINISTRATION,[],Prepare contract and agreement documents,60,cme226868000numjozpv9jkzr,false,,"[1,3,7,14]",PROSPECT,,,PROSPECT-agreement-prep,Agreement Preparation,9,2025-08-07T23:59:04.928Z,cme2267u80005umjo86qgp278
workflowStep,,,,,,,,,,,,,,,,,,,,,,,,,,,,,,,,,,,,,,,,,,,,,,,,,,,,,,,,,,,,,,,,,,,,,,,,,,,,,,,,,,,,,,,,,,,,,,,,,,,,,,,,,,,,,,,,,,,,,,,,,,,,,,,,,,,1,MEDIUM,,,,,2025-08-07T23:59:04.966Z,ADMINISTRATION,[],Get customer signatures on agreements,60,cme22687a000pumjofg8s37k6,false,,"[1,3,7,14]",PROSPECT,,,PROSPECT-agreement-signing,Agreement Signing,10,2025-08-07T23:59:04.966Z,cme2267u80005umjo86qgp278
workflowStep,,,,,,,,,,,,,,,,,,,,,,,,,,,,,,,,,,,,,,,,,,,,,,,,,,,,,,,,,,,,,,,,,,,,,,,,,,,,,,,,,,,,,,,,,,,,,,,,,,,,,,,,,,,,,,,,,,,,,,,,,,,,,,,,,,,1,MEDIUM,,,,,2025-08-07T23:59:05.006Z,ADMINISTRATION,[],Set up project administration,60,cme22688e000rumjoofdzd3qx,false,,"[1,3,7,14]",APPROVED,,,APPROVED-admin-setup,Administrative Setup,11,2025-08-07T23:59:05.006Z,cme2267u80005umjo86qgp278
workflowStep,,,,,,,,,,,,,,,,,,,,,,,,,,,,,,,,,,,,,,,,,,,,,,,,,,,,,,,,,,,,,,,,,,,,,,,,,,,,,,,,,,,,,,,,,,,,,,,,,,,,,,,,,,,,,,,,,,,,,,,,,,,,,,,,,,,1,MEDIUM,,,,,2025-08-07T23:59:05.045Z,OFFICE,[],Complete pre-job requirements,60,cme22689h000tumjoatha9i0b,false,,"[1,3,7,14]",APPROVED,,,APPROVED-pre-job,Pre-Job Actions,12,2025-08-07T23:59:05.045Z,cme2267u80005umjo86qgp278
workflowStep,,,,,,,,,,,,,,,,,,,,,,,,,,,,,,,,,,,,,,,,,,,,,,,,,,,,,,,,,,,,,,,,,,,,,,,,,,,,,,,,,,,,,,,,,,,,,,,,,,,,,,,,,,,,,,,,,,,,,,,,,,,,,,,,,,,1,MEDIUM,,,,,2025-08-07T23:59:05.083Z,ADMINISTRATION,[],Prepare materials and crew for production,60,cme2268ai000vumjol6cwut43,false,,"[1,3,7,14]",APPROVED,,,APPROVED-prepare-production,Prepare for Production,13,2025-08-07T23:59:05.083Z,cme2267u80005umjo86qgp278
workflowStep,,,,,,,,,,,,,,,,,,,,,,,,,,,,,,,,,,,,,,,,,,,,,,,,,,,,,,,,,,,,,,,,,,,,,,,,,,,,,,,,,,,,,,,,,,,,,,,,,,,,,,,,,,,,,,,,,,,,,,,,,,,,,,,,,,,1,MEDIUM,,,,,2025-08-07T23:59:05.122Z,FIELD_DIRECTOR,[],Execute roofing installation,60,cme2268bm000xumjonmgmx6jz,false,,"[1,3,7,14]",EXECUTION,,,EXECUTION-installation,Installation,14,2025-08-07T23:59:05.122Z,cme2267u80005umjo86qgp278
workflowStep,,,,,,,,,,,,,,,,,,,,,,,,,,,,,,,,,,,,,,,,,,,,,,,,,,,,,,,,,,,,,,,,,,,,,,,,,,,,,,,,,,,,,,,,,,,,,,,,,,,,,,,,,,,,,,,,,,,,,,,,,,,,,,,,,,,1,MEDIUM,,,,,2025-08-07T23:59:05.161Z,ROOF_SUPERVISOR,[],Perform quality inspection,60,cme2268co000zumjo4tce6f9o,false,,"[1,3,7,14]",EXECUTION,,,EXECUTION-quality-check,Quality Check,15,2025-08-07T23:59:05.161Z,cme2267u80005umjo86qgp278
workflowStep,,,,,,,,,,,,,,,,,,,,,,,,,,,,,,,,,,,,,,,,,,,,,,,,,,,,,,,,,,,,,,,,,,,,,,,,,,,,,,,,,,,,,,,,,,,,,,,,,,,,,,,,,,,,,,,,,,,,,,,,,,,,,,,,,,,1,MEDIUM,,,,,2025-08-07T23:59:05.207Z,ADMINISTRATION,[],Coordinate multiple trade work,60,cme2268dz0011umjody49blin,false,,"[1,3,7,14]",EXECUTION,,,EXECUTION-multiple-trades,Multiple Trades,16,2025-08-07T23:59:05.207Z,cme2267u80005umjo86qgp278
workflowStep,,,,,,,,,,,,,,,,,,,,,,,,,,,,,,,,,,,,,,,,,,,,,,,,,,,,,,,,,,,,,,,,,,,,,,,,,,,,,,,,,,,,,,,,,,,,,,,,,,,,,,,,,,,,,,,,,,,,,,,,,,,,,,,,,,,1,MEDIUM,,,,,2025-08-07T23:59:05.244Z,ADMINISTRATION,[],Manage subcontractor activities,60,cme2268f00013umjo81cwf301,false,,"[1,3,7,14]",EXECUTION,,,EXECUTION-subcontractor-work,Subcontractor Work,17,2025-08-07T23:59:05.244Z,cme2267u80005umjo86qgp278
workflowStep,,,,,,,,,,,,,,,,,,,,,,,,,,,,,,,,,,,,,,,,,,,,,,,,,,,,,,,,,,,,,,,,,,,,,,,,,,,,,,,,,,,,,,,,,,,,,,,,,,,,,,,,,,,,,,,,,,,,,,,,,,,,,,,,,,,1,MEDIUM,,,,,2025-08-07T23:59:05.283Z,ADMINISTRATION,[],Provide customer updates,60,cme2268g30015umjowui9syxt,false,,"[1,3,7,14]",EXECUTION,,,EXECUTION-update-customer,Update Customer,18,2025-08-07T23:59:05.283Z,cme2267u80005umjo86qgp278
workflowStep,,,,,,,,,,,,,,,,,,,,,,,,,,,,,,,,,,,,,,,,,,,,,,,,,,,,,,,,,,,,,,,,,,,,,,,,,,,,,,,,,,,,,,,,,,,,,,,,,,,,,,,,,,,,,,,,,,,,,,,,,,,,,,,,,,,1,MEDIUM,,,,,2025-08-07T23:59:05.322Z,ADMINISTRATION,[],Create supplement in Xactimate,60,cme2268h50017umjo3u7kxyq3,false,,"[1,3,7,14]",SECOND_SUPPLEMENT,,,SUPPLEMENT-create-supp,Create Supp in Xactimate,19,2025-08-07T23:59:05.322Z,cme2267u80005umjo86qgp278
workflowStep,,,,,,,,,,,,,,,,,,,,,,,,,,,,,,,,,,,,,,,,,,,,,,,,,,,,,,,,,,,,,,,,,,,,,,,,,,,,,,,,,,,,,,,,,,,,,,,,,,,,,,,,,,,,,,,,,,,,,,,,,,,,,,,,,,,1,MEDIUM,,,,,2025-08-07T23:59:05.360Z,ADMINISTRATION,[],Make insurance follow-up calls,60,cme2268i80019umjo6rmz4dyz,false,,"[1,3,7,14]",SECOND_SUPPLEMENT,,,SUPPLEMENT-followup-calls,Follow-Up Calls,20,2025-08-07T23:59:05.360Z,cme2267u80005umjo86qgp278
workflowStep,,,,,,,,,,,,,,,,,,,,,,,,,,,,,,,,,,,,,,,,,,,,,,,,,,,,,,,,,,,,,,,,,,,,,,,,,,,,,,,,,,,,,,,,,,,,,,,,,,,,,,,,,,,,,,,,,,,,,,,,,,,,,,,,,,,1,MEDIUM,,,,,2025-08-07T23:59:05.400Z,ADMINISTRATION,[],Review approved supplement,60,cme2268jc001bumjozgc9rcx2,false,,"[1,3,7,14]",SECOND_SUPPLEMENT,,,SUPPLEMENT-review-approved,Review Approved Supp,21,2025-08-07T23:59:05.400Z,cme2267u80005umjo86qgp278
workflowStep,,,,,,,,,,,,,,,,,,,,,,,,,,,,,,,,,,,,,,,,,,,,,,,,,,,,,,,,,,,,,,,,,,,,,,,,,,,,,,,,,,,,,,,,,,,,,,,,,,,,,,,,,,,,,,,,,,,,,,,,,,,,,,,,,,,1,MEDIUM,,,,,2025-08-07T23:59:05.439Z,ADMINISTRATION,[],Update customer on supplement status,60,cme2268kf001dumjo62s1vbak,false,,"[1,3,7,14]",SECOND_SUPPLEMENT,,,SUPPLEMENT-customer-update,Customer Update,22,2025-08-07T23:59:05.439Z,cme2267u80005umjo86qgp278
workflowStep,,,,,,,,,,,,,,,,,,,,,,,,,,,,,,,,,,,,,,,,,,,,,,,,,,,,,,,,,,,,,,,,,,,,,,,,,,,,,,,,,,,,,,,,,,,,,,,,,,,,,,,,,,,,,,,,,,,,,,,,,,,,,,,,,,,1,MEDIUM,,,,,2025-08-07T23:59:05.478Z,ADMINISTRATION,[],Process project financials,60,cme2268lh001fumjofg1i0gm4,false,,"[1,3,7,14]",COMPLETION,,,COMPLETION-financial-processing,Financial Processing,23,2025-08-07T23:59:05.478Z,cme2267u80005umjo86qgp278
workflowStep,,,,,,,,,,,,,,,,,,,,,,,,,,,,,,,,,,,,,,,,,,,,,,,,,,,,,,,,,,,,,,,,,,,,,,,,,,,,,,,,,,,,,,,,,,,,,,,,,,,,,,,,,,,,,,,,,,,,,,,,,,,,,,,,,,,1,MEDIUM,,,,,2025-08-07T23:59:05.515Z,OFFICE,[],Complete project closeout procedures,60,cme2268mj001humjo0fdkjmln,false,,"[1,3,7,14]",COMPLETION,,,COMPLETION-project-closeout,Project Closeout,24,2025-08-07T23:59:05.515Z,cme2267u80005umjo86qgp278
roleAssignment,,,,,,,,,,,,,,,,,,,,,,,,,,,,,,,,,,,,,,,,,,,,,,,,,,,,,,,,,,,,,,,,,,,2025-08-06T21:54:31.414Z,cme0ia6lp0000umy4of3xsgbi,2025-08-06T21:54:31.421Z,cme0ia6wt000gumy4a7u5rwgg,true,OFFICE_STAFF,2025-08-06T21:54:31.421Z,cme0ia6pl0002umy4oyorutla,,,,,,,,,,,,,,,,,,,,,,,,,,,,,,,,,,,,,,,,,,,,,,,,,,,,,,,,,,,,,,,,,,,,,,,,,,,,,,,
roleAssignment,,,,,,,,,,,,,,,,,,,,,,,,,,,,,,,,,,,,,,,,,,,,,,,,,,,,,,,,,,,,,,,,,,,2025-08-06T21:54:31.414Z,cme0ia6lp0000umy4of3xsgbi,2025-08-06T21:54:31.421Z,cme0ia6wt000humy4ywfcxnqa,true,FIELD_DIRECTOR,2025-08-06T21:54:31.421Z,cme0ia6od0001umy485xu1cc8,,,,,,,,,,,,,,,,,,,,,,,,,,,,,,,,,,,,,,,,,,,,,,,,,,,,,,,,,,,,,,,,,,,,,,,,,,,,,,,
roleAssignment,,,,,,,,,,,,,,,,,,,,,,,,,,,,,,,,,,,,,,,,,,,,,,,,,,,,,,,,,,,,,,,,,,,2025-08-06T21:54:31.414Z,cme0ia6lp0000umy4of3xsgbi,2025-08-06T21:54:31.421Z,cme0ia6wt000jumy4rv85l317,true,ADMINISTRATION,2025-08-06T21:54:31.421Z,cme0ia6t30008umy4138rcwmo,,,,,,,,,,,,,,,,,,,,,,,,,,,,,,,,,,,,,,,,,,,,,,,,,,,,,,,,,,,,,,,,,,,,,,,,,,,,,,,
roleAssignment,,,,,,,,,,,,,,,,,,,,,,,,,,,,,,,,,,,,,,,,,,,,,,,,,,,,,,,,,,,,,,,,,,,2025-08-07T17:19:08.532Z,cme0ia6lp0000umy4of3xsgbi,2025-08-07T17:19:08.534Z,cme1nvwfp0009umio1spf9chw,true,PROJECT_MANAGER,2025-08-07T17:19:08.534Z,cme0ia6ss0005umy4vxhsy3kx,,,,,,,,,,,,,,,,,,,,,,,,,,,,,,,,,,,,,,,,,,,,,,,,,,,,,,,,,,,,,,,,,,,,,,,,,,,,,,,